,createdAt,language,license,n_forks,n_issues,n_issues_unique_authors,n_prs_unique_authors,n_pullRequests,n_stars,n_unique_authors,pseudoLicense,pushedAt,repository_name,repository_owner
0,2009-10-22T05:29:41Z,Python,NOASSERTION,9.0,0.0,0,0,0.0,12.0,0,True,2015-05-06T14:22:26Z,kuiper,aarchiba
1,,,,,,0,0,,,0,,,aipy,aaronparsons
2,2015-09-21T12:22:45Z,C,NOASSERTION,5.0,10.0,7,3,23.0,7.0,10,True,2019-01-14T13:01:24Z,aacgmv2,aburrell
3,2015-11-18T13:20:50Z,Fortran,MIT,4.0,6.0,3,4,12.0,9.0,5,False,2019-05-01T13:46:14Z,apexpy,aburrell
4,2017-07-03T21:52:25Z,Python,BSD-3-Clause,0.0,11.0,1,1,36.0,5.0,1,False,2019-05-03T14:38:32Z,ocbpy,aburrell
5,2013-10-27T22:06:35Z,C,NOASSERTION,8.0,2.0,2,2,2.0,14.0,3,True,2018-02-28T12:14:35Z,hotpants,acbecker
6,,,,,,0,0,,,0,,,spectroscopic,aceilers
7,2015-09-22T15:41:48Z,Python,GPL-3.0,444.0,12.0,10,17,91.0,4921.0,27,False,2019-04-20T04:31:43Z,eht-imaging,achael
8,,,,,,0,0,,,0,,,mbb,aconley
9,2016-12-08T13:02:32Z,Python,GPL-3.0,1.0,0.0,0,1,3.0,0.0,1,False,2019-04-20T12:40:19Z,zcluster,actcollaboration
10,2017-01-30T22:21:34Z,Jupyter Notebook,,0.0,0.0,0,0,0.0,0.0,0,,2018-05-22T19:47:45Z,iptf16abc,adamamiller
11,2015-04-24T10:17:28Z,TeX,,19.0,19.0,5,19,45.0,2.0,20,,2019-03-05T18:36:26Z,astroquery-paper,adamginsburg
12,2014-09-26T20:52:07Z,C,GPL-2.0,2.0,0.0,0,0,0.0,2.0,0,False,2016-12-13T20:16:01Z,atmosphere,adamkovics
13,2015-08-10T11:17:52Z,Jupyter Notebook,MIT,2.0,11.0,2,1,2.0,3.0,2,False,2019-01-26T18:04:48Z,biff,adrn
14,2014-10-30T11:06:23Z,Python,MIT,0.0,0.0,0,1,1.0,1.0,1,False,2018-09-12T14:21:45Z,ophiuchus,adrn
15,2016-02-06T05:49:33Z,Python,MIT,0.0,1.0,1,0,0.0,1.0,1,False,2019-01-16T15:43:42Z,sfd,adrn
16,2016-09-04T16:47:58Z,Python,MIT,3.0,71.0,5,2,14.0,8.0,6,False,2019-04-15T20:24:08Z,thejoker,adrn
17,2017-11-08T05:00:56Z,Python,MIT,1.0,0.0,0,0,0.0,1.0,0,False,2018-04-30T07:30:01Z,nebulabayes,adthomas-astro
18,2017-02-02T23:50:41Z,Python,MIT,1.0,1.0,1,0,0.0,1.0,1,False,2018-12-20T22:57:12Z,slomo,adwasser
19,2018-06-06T16:40:08Z,Python,Apache-2.0,0.0,0.0,0,0,0.0,2.0,0,False,2018-08-22T22:44:21Z,models_k2,aedattilo
20,2016-11-28T19:51:58Z,Perl,,0.0,0.0,0,0,0.0,0.0,0,,2018-03-30T15:26:42Z,cloudy_tools,aemerick
21,,,,,,0,0,,,0,,,galaxy-analysis,aemerick
22,2013-09-15T06:00:11Z,Jupyter Notebook,GPL-3.0,9.0,23.0,3,2,7.0,11.0,4,False,2017-03-29T08:51:48Z,grim,afd-illinois
23,2012-10-04T08:18:29Z,Scheme,,3.0,0.0,0,0,0.0,3.0,0,,2016-09-15T23:12:41Z,geologic-symbols,afrigeri
24,2018-02-06T08:44:13Z,Jupyter Notebook,NOASSERTION,8.0,1.0,1,0,0.0,6.0,1,True,2019-04-26T07:28:55Z,astrometry-inference-tutorials,agabrown
25,2013-02-14T23:06:53Z,Python,LGPL-3.0,6.0,2.0,1,1,1.0,22.0,2,False,2019-03-21T21:04:14Z,pygaia,agabrown
26,,,,,,0,0,,,0,,,lump-lofar-und-mpifr-,ahorneﬀer
27,2013-05-16T17:52:30Z,Fortran,,15.0,4.0,3,3,9.0,10.0,5,,2018-07-06T03:13:09Z,mcluster,ahwkuepper
28,2015-05-15T02:30:16Z,C,NOASSERTION,2.0,0.0,0,0,0.0,3.0,0,True,2019-05-01T03:39:14Z,spip,ajameson
29,2013-04-02T14:41:38Z,Prolog,,5.0,30.0,6,3,5.0,5.0,7,,2019-03-14T22:10:18Z,cpropstoo,akleroy
30,2018-08-23T14:21:19Z,Jupyter Notebook,GPL-3.0,0.0,0.0,0,0,0.0,0.0,0,False,2018-11-30T18:20:09Z,bhl,akuznetsova
31,2014-04-22T21:57:48Z,Python,,0.0,0.0,0,0,0.0,0.0,0,,2014-08-21T16:24:09Z,agbgrid,alexavillaume
32,2017-07-14T23:48:56Z,Fortran,MIT,2.0,1.0,1,0,0.0,0.0,1,False,2018-09-13T20:44:17Z,moog17scat,alexji
33,2017-07-11T20:19:32Z,,,0.0,0.0,0,0,0.0,0.0,0,,2017-07-31T22:08:42Z,ttv_posteriors,alexteachey
34,2015-05-12T22:43:50Z,Python,,4.0,5.0,2,2,4.0,2.0,2,,2018-04-06T15:07:13Z,lyapy,allisony
35,2018-05-25T15:51:08Z,Jupyter Notebook,,0.0,0.0,0,0,0.0,0.0,0,,2018-05-25T15:57:41Z,gaia_distance_calculator,alymantara
36,2014-11-24T20:42:43Z,Python,,1.0,0.0,0,0,0.0,3.0,0,,2019-04-04T16:18:01Z,candid,amerand
37,2017-05-18T20:10:54Z,Jupyter Notebook,,2.0,0.0,0,2,3.0,1.0,2,,2018-07-30T15:33:48Z,photoparallax,andersdot
38,2015-08-02T20:26:21Z,Python,BSD-3-Clause,99.0,13.0,13,10,10.0,459.0,23,False,2018-12-16T13:55:29Z,treeinterpreter,andosa
39,2016-08-16T14:25:08Z,C,,22.0,5.0,3,5,8.0,14.0,7,,2019-04-05T15:48:54Z,21cmfast,andreimesinger
40,2014-01-13T19:29:09Z,Python,MIT,42.0,84.0,36,13,210.0,120.0,42,False,2019-04-15T15:18:12Z,spiceypy,andrewannex
41,2015-05-16T17:37:32Z,C++,,0.0,0.0,0,0,0.0,2.0,0,,2019-04-26T21:17:58Z,burstcool,andrewcumming
42,2013-02-13T15:35:30Z,C++,,0.0,0.0,0,0,0.0,2.0,0,,2017-05-15T19:07:07Z,crustcool,andrewcumming
43,2015-11-09T23:38:24Z,TeX,MIT,6.0,73.0,6,1,6.0,3.0,6,False,2019-04-23T18:11:57Z,annieslasso,andycasey
44,,,,,,0,0,,,0,,,atmosphy,andycasey
45,2013-10-07T03:28:51Z,R,,1.0,3.0,2,1,1.0,2.0,2,,2019-04-18T09:13:33Z,lambdar,anguswright
46,,,,,,0,0,,,0,,,,
47,,,,,,0,0,,,0,,,,
48,2017-08-29T15:58:23Z,Python,GPL-3.0,3.0,0.0,0,0,0.0,8.0,0,False,2019-02-02T12:08:29Z,pfss,antyeates1983
49,,,,,,0,0,,,0,,,sft,antyeates1983
50,2015-12-08T00:52:58Z,Jupyter Notebook,,0.0,0.0,0,0,0.0,0.0,0,,2016-01-11T17:29:30Z,decorated-hod-paper,aphearin
51,,,,,,0,0,,,0,,,grid,apmechev
52,,,,,,0,0,,,0,,,grid_,apmechev
53,2016-03-08T15:07:37Z,Python,GPL-3.0,0.0,2.0,2,2,10.0,2.0,3,False,2019-04-24T10:28:26Z,grid_lrt,apmechev
54,2013-05-14T17:01:18Z,C,GPL-3.0,2.0,67.0,7,1,5.0,6.0,7,False,2019-03-01T17:55:19Z,base,argiopetech
55,2015-02-20T17:25:31Z,Python,NOASSERTION,1.0,1.0,1,0,0.0,2.0,1,True,2018-01-06T01:58:15Z,lacewing,ariedel
56,2015-06-19T15:19:30Z,,,0.0,0.0,0,0,0.0,0.0,0,,2017-06-02T19:09:30Z,young_catalog,ariedel
57,2014-10-28T20:58:33Z,C++,NOASSERTION,365.0,1191.0,284,69,1314.0,2660.0,311,True,2019-05-03T21:01:06Z,arrayfire,arrayfire
58,2014-10-24T23:26:17Z,C++,GPL-2.0,0.0,0.0,0,0,0.0,3.0,0,False,2018-09-13T17:21:26Z,pynbody,ascendingnode
59,,,,,,0,0,,,0,,,hyper,asgr
60,2017-08-05T07:05:58Z,R,,3.0,0.0,0,1,3.0,17.0,1,,2019-05-02T09:07:32Z,profound,asgr
61,2016-01-28T03:32:14Z,Python,,1.0,0.0,0,0,0.0,2.0,0,,2018-08-29T08:26:19Z,chancealignments,astrobel
62,2016-01-11T08:24:37Z,Python,MIT,9.0,68.0,10,5,25.0,19.0,11,False,2018-09-19T01:17:33Z,astrocats,astrocatalogs
63,2014-02-13T20:35:51Z,Python,BSD-2-Clause,5.0,2.0,2,1,1.0,7.0,3,False,2018-02-18T01:54:38Z,q2,astrochasqui
64,,,,,,0,0,,,0,,,vis,astrochem
65,2015-04-09T18:20:26Z,Python,NOASSERTION,3.0,17.0,4,3,13.0,4.0,5,True,2018-12-23T02:48:18Z,vis_sample,astrochem
66,2015-02-02T04:56:59Z,Python,BSD-3-Clause,2.0,0.0,0,2,2.0,1.0,2,False,2019-04-01T01:04:26Z,commah,astroduff
67,2010-11-17T01:54:46Z,Python,BSD-2-Clause,13.0,39.0,18,3,27.0,8.0,19,False,2019-04-25T12:33:35Z,sedfitter,astrofrog
68,,,,,,0,0,,,0,,,sedﬁtter,astrofrog
69,2012-10-17T22:33:50Z,Python,BSD-2-Clause,205.0,108.0,48,30,76.0,502.0,70,False,2019-04-24T15:47:21Z,astroml,astroml
70,2015-01-28T02:03:35Z,Python,BSD-2-Clause,26.0,15.0,13,9,19.0,47.0,18,False,2018-10-09T13:09:46Z,gatspy,astroml
71,2014-05-27T18:59:21Z,Python,MIT,5.0,0.0,0,1,1.0,18.0,1,False,2018-07-29T03:38:18Z,pydcf,astronomerdamo
72,2011-07-21T01:33:49Z,Python,BSD-3-Clause,1041.0,3422.0,606,424,5233.0,2063.0,851,False,2019-05-03T20:06:18Z,astropy,astropy
73,2013-11-05T21:20:15Z,,,23.0,8.0,4,18,44.0,21.0,19,,2019-03-08T16:14:22Z,astropy-apes,astropy
74,2013-02-20T06:55:33Z,Jupyter Notebook,,97.0,196.0,31,40,161.0,92.0,57,,2019-04-30T16:22:16Z,astropy-tutorials,astropy
75,,,,,,0,0,,,0,,,astropy-v2,astropy
76,2012-06-25T20:52:07Z,Python,BSD-3-Clause,183.0,555.0,184,103,880.0,219.0,231,False,2019-05-03T22:22:05Z,astroquery,astropy
77,2015-06-03T23:53:02Z,Python,,19.0,15.0,11,10,28.0,26.0,16,,2019-03-06T15:05:03Z,astroscrappy,astropy
78,2015-11-09T14:51:34Z,Shell,BSD-3-Clause,29.0,141.0,22,24,249.0,25.0,33,False,2019-04-24T22:41:05Z,ci-helpers,astropy
79,2015-01-09T21:43:58Z,Python,,41.0,371.0,27,21,567.0,43.0,35,,2019-05-02T00:23:32Z,halotools,astropy
80,2011-10-07T21:32:03Z,Python,NOASSERTION,47.0,161.0,34,31,240.0,35.0,45,True,2019-04-24T18:37:31Z,package-template,astropy
81,2011-10-25T02:39:28Z,Python,BSD-3-Clause,75.0,299.0,89,33,539.0,96.0,102,False,2019-04-29T14:43:59Z,photutils,astropy
82,,,,,,0,0,,,0,,,pyregions,astropy
83,2015-05-15T18:43:24Z,Python,BSD-3-Clause,30.0,90.0,25,19,165.0,27.0,35,False,2019-04-24T21:28:53Z,regions,astropy
84,2016-07-04T16:49:05Z,Python,,4.0,8.0,6,7,21.0,6.0,10,,2019-01-11T01:19:22Z,saba,astropy
85,2011-10-14T16:11:38Z,Python,BSD-3-Clause,64.0,215.0,48,43,248.0,65.0,66,False,2019-05-02T17:25:51Z,specutils,astropy
86,2015-05-13T20:33:15Z,R,,0.0,0.0,0,0,0.0,3.0,0,,2016-02-23T19:00:55Z,bascs,astrostat
87,2012-08-06T19:14:28Z,Python,GPL-3.0,5.0,0.0,0,0,0.0,8.0,0,False,2018-10-11T19:10:37Z,lira,astrostat
88,,,,,,0,0,,,0,,,lira\tvan\tdyk\tet\tal,astrostat
89,2016-12-08T13:26:05Z,Python,,0.0,0.0,0,0,0.0,0.0,0,,2016-12-13T16:29:58Z,dynclass,astroua
90,,,,,,0,0,,,0,,,libcarma,astrovpk
91,2016-07-19T04:11:56Z,C,GPL-2.0,9.0,0.0,0,1,2.0,24.0,1,False,2018-06-14T05:13:49Z,harmpi,atchekho
92,2015-10-14T17:52:37Z,C,,4.0,0.0,0,0,0.0,1.0,0,,2016-01-15T15:31:09Z,xscat,atomdb
93,,,,,,0,0,,,0,,,m,awmann
94,2018-04-14T01:11:39Z,IDL,,4.0,1.0,1,2,4.0,2.0,3,,2019-02-14T13:12:48Z,m_-m_k-,awmann
95,2014-02-02T15:24:22Z,IDL,,1.0,1.0,1,0,0.0,3.0,1,,2014-09-24T14:23:16Z,metal,awmann
96,2014-04-20T13:55:42Z,IDL,,0.0,0.0,0,0,0.0,0.0,0,,2017-10-20T12:14:01Z,teff_rad_mass_lum,awmann
97,,,,,,0,0,,,0,,,teﬀ,awmann
98,,,,,,0,0,,,0,,,teﬀ_rad_mass_lum,awmann
99,2013-03-14T17:23:57Z,TeX,MIT,6.0,1.0,1,4,8.0,4.0,5,False,2015-03-27T14:09:12Z,iphas-dr2,barentsen
100,2013-07-17T15:22:29Z,Python,BSD-3-Clause,11.0,24.0,14,3,4.0,6.0,16,False,2015-04-22T01:00:42Z,great3-public,barnabytprowe
101,2014-06-02T12:20:12Z,Python,GPL-2.0,3.0,8.0,4,1,2.0,6.0,4,False,2019-04-01T22:45:32Z,bayesflare,bayesflare
102,2018-05-19T18:25:29Z,Python,,0.0,0.0,0,0,0.0,0.0,0,,2018-05-20T00:56:45Z,pflueger_etal18,bbhpsu
103,,,,,,0,0,,,0,,,xray-tmap-pypeline,bcalden
104,2017-02-08T21:25:53Z,Shell,,1.0,22.0,2,3,8.0,0.0,3,,2019-04-21T21:09:36Z,conda-channel-bccp,bccp
105,2015-04-21T19:43:37Z,Python,GPL-3.0,27.0,192.0,22,11,391.0,45.0,27,False,2019-04-28T19:54:20Z,nbodykit,bccp
106,,,,,,0,0,,,0,,,carma_pack,bckelly80
107,2013-06-04T22:47:00Z,Python,MIT,23.0,65.0,19,7,75.0,36.0,22,False,2019-05-01T15:59:09Z,prospector,bd-j
108,2016-03-21T02:09:28Z,Python,,1.0,0.0,0,1,1.0,0.0,1,,2018-09-07T17:18:20Z,spi,bd-j
109,,,,,,0,0,,,0,,,least-squares-ellipse-ﬁtting,bdhammel
110,2016-08-29T19:22:43Z,Python,,21.0,166.0,17,19,157.0,11.0,21,,2019-05-03T20:44:09Z,beast,beast-fitting
111,2018-03-07T07:39:35Z,Jupyter Notebook,,1.0,0.0,0,1,1.0,3.0,1,,2019-04-11T08:05:55Z,jinapycee,becot85
112,2014-04-15T10:14:25Z,Python,BSD-3-Clause,183.0,7.0,7,1,1.0,462.0,8,False,2014-08-13T17:10:22Z,kaggle-galaxies,benanne
113,2017-10-15T19:23:05Z,Jupyter Notebook,BSD-2-Clause,0.0,0.0,0,0,0.0,0.0,0,False,2019-02-26T04:50:40Z,scrrpy,benbaror
114,2013-12-09T16:46:37Z,C,GPL-3.0,3.0,0.0,0,0,0.0,4.0,0,False,2015-12-12T21:19:00Z,spotrod,bencebeky
115,,,,,,0,0,,,0,,,hjs,benelson
116,2016-11-14T17:37:55Z,Jupyter Notebook,GPL-3.0,0.0,0.0,0,0,0.0,0.0,0,False,2017-02-23T18:29:41Z,inclinations,benjaminpope
117,2017-01-20T16:13:11Z,Jupyter Notebook,MIT,0.0,13.0,1,1,1.0,0.0,2,False,2019-01-28T21:24:35Z,mc-age,benjaminrose
118,2017-05-07T19:45:01Z,Jupyter Notebook,MIT,3.0,1.0,1,2,2.0,18.0,3,False,2018-05-02T16:48:51Z,f3,benmontet
119,2018-04-30T17:11:59Z,TeX,,0.0,0.0,0,0,0.0,0.0,0,,2018-05-08T02:07:09Z,unbiasedrvs,benmontet
120,2014-12-08T15:14:12Z,Python,MIT,20.0,5.0,5,5,12.0,24.0,9,False,2018-03-27T18:04:36Z,kombine,bfarr
121,2014-04-30T21:08:52Z,IDL,MIT,2.0,0.0,0,3,3.0,4.0,3,False,2017-08-10T23:27:20Z,bmep,billfreeman44
122,2014-09-09T10:24:31Z,Jupyter Notebook,BSD-2-Clause,12.0,48.0,12,6,20.0,20.0,14,False,2018-07-18T08:23:13Z,biokit,biokit
123,,,,,,0,0,,,0,,,dsharp,birnstiel
124,2016-04-26T21:00:57Z,Python,BSD-3-Clause,2.0,18.0,2,2,2.0,2.0,2,False,2019-02-12T18:25:38Z,odi-tools,bjanesh
125,2016-06-29T05:47:23Z,,,0.0,0.0,0,0,0.0,0.0,0,,2016-06-29T06:34:54Z,three_neptunes,bjfultn
126,2013-02-12T12:32:54Z,C,GPL-3.0,1.0,1.0,1,1,1.0,2.0,1,False,2015-07-17T19:18:38Z,oifits-sim,bkloppenborg
127,,,,,,0,0,,,0,,,astromolecule_,bmcguir2
128,,,,,,0,0,,,0,,,arcsat,bmorris3
129,2015-02-18T19:13:54Z,Jupyter Notebook,GPL-3.0,2.0,0.0,0,0,0.0,6.0,0,False,2019-03-26T00:58:38Z,localizesl,bobkopp
130,2016-06-09T17:04:50Z,MATLAB,GPL-3.0,1.0,0.0,0,0,0.0,2.0,0,False,2017-10-09T19:27:12Z,projectsl,bobkopp
131,2016-12-06T19:21:52Z,MATLAB,,0.0,0.0,0,0,0.0,0.0,0,,2016-12-06T19:26:17Z,sesl,bobkopp
132,2016-07-27T10:17:42Z,,,0.0,1.0,1,0,0.0,0.0,1,,2016-07-27T10:27:17Z,isofit,bogdanciambur
133,2016-07-24T03:04:02Z,Python,,1.0,1.0,1,1,1.0,1.0,2,,2018-03-08T10:17:25Z,profiler,bogdanciambur
134,,,,,,0,0,,,0,,,class,borisbolliet
135,2012-09-05T17:57:21Z,Python,MIT,47.0,41.0,35,25,26.0,477.0,55,False,2018-12-14T16:46:44Z,python-colorlog,borntyping
136,2011-11-15T22:25:38Z,Python,,0.0,5.0,3,1,1.0,2.0,3,,2013-10-17T06:27:53Z,astrodendro,bradenmacdonald
137,2015-12-01T19:24:27Z,C,GPL-2.0,9.0,0.0,0,1,4.0,1.0,1,False,2018-11-30T01:14:58Z,21cmmc,bradgreig
138,2012-03-19T15:09:46Z,Python,MIT,14.0,23.0,16,6,8.0,51.0,20,False,2019-02-03T12:09:31Z,python-jplephem,brandon-rhodes
139,,,,,,0,0,,,0,,,carma,brandonckelly
140,2012-03-08T10:50:44Z,Python,,12.0,1.0,1,2,2.0,5.0,2,,2018-04-17T16:22:50Z,icarus,bretonr
141,2017-07-06T19:29:28Z,OpenEdge ABL,MIT,0.0,0.0,0,0,0.0,1.0,0,False,2017-07-24T21:00:28Z,ebm-analytical,brian-rose
142,,,,,,0,0,,,0,,,cloudy,brittonsmith
143,2017-09-06T22:53:29Z,Perl,MIT,0.0,0.0,0,0,0.0,1.0,0,False,2018-08-30T00:08:19Z,cloudy_cooling_tools,brittonsmith
144,,,,,,0,0,,,0,,,ytree:,brittonsmith
145,2015-11-25T08:53:22Z,Jupyter Notebook,MIT,0.0,56.0,1,0,0.0,3.0,1,False,2017-03-14T23:07:15Z,welter,browndwarf
146,2017-08-15T15:26:12Z,Jupyter Notebook,,0.0,0.0,0,0,0.0,4.0,0,,2017-11-17T01:19:08Z,gce-2fig,bsafdi
147,2017-07-20T21:26:22Z,Python,MIT,11.0,8.0,6,4,5.0,23.0,7,False,2019-03-19T17:17:03Z,pymiescatt,bsumlin
148,2016-08-02T16:23:55Z,Jupyter Notebook,,19.0,17.0,9,5,16.0,18.0,11,,2019-04-08T09:13:15Z,pysm_public,bthorne93
149,2015-11-19T15:15:33Z,Python,MIT,9.0,33.0,8,3,4.0,16.0,9,False,2019-03-19T23:33:42Z,pyhammer,bu-hammerteam
150,,,,,,0,0,,,0,,,nustar,bwgref
151,2016-11-22T21:48:45Z,Jupyter Notebook,GPL-3.0,1.0,0.0,0,0,0.0,3.0,0,False,2018-07-20T20:49:59Z,usample,c-matthews
152,,,,,,0,0,,,0,,,cksphys,california-planet-search
153,2015-12-21T23:20:27Z,Python,MIT,23.0,116.0,18,13,133.0,24.0,24,False,2019-05-02T21:07:00Z,radvel,california-planet-search
154,2013-08-28T00:16:42Z,Python,MIT,254.0,443.0,176,72,270.0,1039.0,221,False,2019-05-02T18:20:00Z,lifelines,camdavidsonpilon
155,2016-05-18T21:09:22Z,Python,,0.0,1.0,1,0,0.0,0.0,1,,2016-05-25T23:17:56Z,reacsamp,carlnotsagan
156,2017-04-24T15:55:41Z,Jupyter Notebook,,3.0,0.0,0,0,0.0,10.0,0,,2019-04-18T21:23:34Z,lensit,carronj
157,2015-03-06T16:42:18Z,Python,BSD-3-Clause,5.0,8.0,2,5,5.0,6.0,7,False,2018-06-05T02:31:50Z,rtpipe,caseyjlaw
158,2012-06-21T19:37:29Z,Python,Apache-2.0,2.0,0.0,0,1,1.0,6.0,1,False,2017-06-07T17:11:43Z,tpipe,caseyjlaw
159,2014-02-03T22:49:22Z,C++,MIT,1.0,0.0,0,1,1.0,0.0,1,False,2016-06-22T15:20:01Z,dachshund,caseywstark
160,2015-04-16T20:10:57Z,Ruby,,24.0,13.0,12,5,23.0,39.0,16,,2019-02-23T03:29:44Z,fsps,cconroy20
161,2015-04-19T16:54:53Z,Python,GPL-3.0,6.0,48.0,4,6,157.0,2.0,7,False,2019-03-01T21:15:08Z,marxs,chandra-marx
162,2014-02-27T16:55:48Z,Java,,3.0,199.0,4,3,161.0,4.0,4,,2017-03-06T14:50:21Z,iris,chandracxc
163,2016-01-29T07:10:59Z,Jupyter Notebook,MIT,9.0,2.0,2,2,3.0,8.0,4,False,2017-07-01T19:27:13Z,forecaster,chenjj2
164,2016-02-17T15:27:03Z,Python,,18.0,58.0,13,6,171.0,24.0,14,,2019-04-17T15:24:29Z,chiantipy,chianti-atomic
165,2018-06-11T14:19:28Z,Python,BSD-2-Clause,0.0,0.0,0,0,0.0,0.0,0,False,2018-10-29T16:00:27Z,measure_cat,chrusher
166,2016-03-10T17:56:01Z,Python,MIT,0.0,1.0,1,1,1.0,2.0,2,False,2018-02-12T09:20:05Z,s3,cinserra
167,2018-07-16T18:30:45Z,,MIT,0.0,0.0,0,0,0.0,0.0,0,False,2018-07-16T19:36:47Z,lin2018jgr_gitmno,cissilin
168,2014-12-23T17:41:49Z,Python,MIT,2.0,0.0,0,0,0.0,1.0,0,False,2015-01-13T11:07:37Z,densityplot,ckrawczyk
169,2015-06-17T16:04:14Z,HTML,,34.0,11.0,10,7,12.0,36.0,17,,2019-05-01T20:25:36Z,cosmomc,cmbant
170,2015-05-20T15:26:59Z,Python,,23.0,16.0,12,8,16.0,37.0,18,,2019-04-16T10:33:59Z,getdist,cmbant
171,2016-06-21T15:19:19Z,,,5.0,0.0,0,1,1.0,4.0,1,,2017-09-20T12:49:14Z,lenspix,cmbant
172,2014-04-17T20:46:30Z,C,,3.0,0.0,0,1,1.0,12.0,1,,2017-04-21T17:47:52Z,lacosmicx,cmccully
173,2014-03-05T15:25:40Z,Python,NOASSERTION,8.0,252.0,9,3,34.0,15.0,9,True,2018-08-16T14:51:21Z,gphoton,cmillion
174,2018-01-08T16:08:42Z,Python,,1.0,0.0,0,0,0.0,5.0,0,,2017-12-28T15:38:30Z,orbital-stability,coolworlds
175,2016-05-06T03:32:03Z,Python,Apache-2.0,10.0,1.0,1,3,4.0,12.0,4,False,2018-02-22T02:38:21Z,adaptivekde,cooperlab
176,2017-10-19T13:47:01Z,Python,,0.0,0.0,0,0,0.0,2.0,0,,2019-04-22T21:23:19Z,mcpm,cpm-project
177,2016-07-08T13:13:58Z,C++,MIT,1.0,10.0,4,1,1.0,6.0,5,False,2019-03-20T14:34:24Z,fastpp,cschreib
178,2015-09-12T22:35:34Z,Python,,2.0,0.0,0,0,0.0,2.0,0,,2018-03-19T17:31:39Z,nfa,csunlab
179,2015-05-13T13:54:54Z,Python,MIT,1.0,1.0,1,0,0.0,0.0,1,False,2017-04-25T03:59:32Z,loki,ctheissen
180,2015-10-12T16:39:41Z,Python,,0.0,0.0,0,1,1.0,0.0,1,,2019-04-18T20:36:30Z,keplerml,d-giles
181,2017-02-25T03:00:36Z,TeX,,0.0,0.0,0,0,0.0,0.0,0,,2018-08-14T11:16:00Z,wise_lcs,d80b2t
182,,,,,,0,0,,,0,,,superﬁt,dahowell
183,2015-11-30T20:29:25Z,IDL,MIT,1.0,0.0,0,0,0.0,3.0,0,False,2018-06-11T20:25:21Z,galclassify,danxhuber
184,2016-10-17T09:32:08Z,Python,MIT,9.0,6.0,2,4,17.0,10.0,4,False,2019-05-03T06:37:02Z,isoclassify,danxhuber
185,2015-11-25T01:54:42Z,Python,MIT,1.0,0.0,0,0,0.0,2.0,0,False,2016-03-30T01:30:20Z,k2epic,danxhuber
186,2015-04-29T18:50:26Z,Java,,0.0,0.0,0,0,0.0,0.0,0,,2015-04-29T18:50:41Z,gcm,darkenergysurvey
187,2015-04-29T19:35:52Z,Java,,0.0,0.0,0,0,0.0,0.0,0,,2015-04-29T20:05:04Z,psm,darkenergysurvey
188,2016-06-23T20:52:52Z,Python,MIT,8.0,42.0,4,7,26.0,5.0,8,False,2018-10-30T22:19:55Z,ugali,darkenergysurvey
189,2015-05-21T06:18:34Z,Jupyter Notebook,MIT,12.0,5.0,4,4,10.0,13.0,6,False,2019-04-12T00:34:47Z,sage,darrencroton
190,2015-09-13T18:42:29Z,Python,NOASSERTION,308.0,1101.0,397,159,1549.0,794.0,460,True,2019-05-03T23:41:26Z,distributed,dask
191,2013-09-10T20:11:13Z,C,,4.0,0.0,0,0,0.0,3.0,0,,2018-05-18T23:41:42Z,hashpipe,david-macmahon
192,2015-09-04T09:27:39Z,Python,NOASSERTION,0.0,26.0,2,0,0.0,1.0,2,True,2018-09-17T08:23:57Z,chromos,davidgardenier
193,2016-03-28T19:24:10Z,Jupyter Notebook,,0.0,0.0,0,0,0.0,0.0,0,,2016-03-28T19:23:48Z,forecaster,davidkipping
194,2018-09-14T16:26:41Z,,,0.0,0.0,0,0,0.0,0.0,0,,2018-09-14T16:36:21Z,deblender-gan-images,davidreiman
195,2012-03-24T12:40:28Z,Python,,1.0,0.0,0,0,0.0,6.0,0,,2013-02-03T15:08:46Z,selfcalibration,davidwhogg
196,2015-04-28T05:54:28Z,R,GPL-2.0,0.0,1.0,1,0,0.0,1.0,1,False,2015-05-03T18:43:30Z,mrrelation,dawolfgang
197,,,,,,0,0,,,0,,,exoplanetssyssim,dch216
198,2012-05-29T07:13:54Z,C++,MIT,71.0,184.0,57,24,87.0,546.0,69,False,2019-04-17T18:36:54Z,vexcl,ddemidov
199,2013-07-08T18:34:22Z,Python,,4.0,1.0,1,2,3.0,1.0,3,,2018-09-17T18:48:27Z,nanopipe,demorest
200,2015-03-12T23:15:18Z,Python,,2.0,6.0,1,2,11.0,2.0,2,,2019-04-03T15:10:33Z,sdmpy,demorest
201,2017-09-08T16:18:23Z,Fortran,,3.0,1.0,1,0,0.0,0.0,1,,2018-09-12T17:12:17Z,psrpoppy2,devanshkv
202,2011-12-08T01:01:49Z,C,MIT,7.0,7.0,7,2,2.0,26.0,8,False,2017-02-16T22:07:48Z,acor,dfm
203,2016-07-18T12:33:37Z,C++,MIT,28.0,69.0,17,9,72.0,115.0,22,False,2019-04-25T02:12:38Z,celerite,dfm
204,,,,,,0,0,,,0,,,celerite8,dfm
205,,,,,,0,0,,,0,,,corner,dfm
206,2012-09-21T16:10:12Z,Python,MIT,87.0,78.0,27,13,29.0,460.0,37,False,2019-04-30T22:07:28Z,daft,dfm
207,2011-11-07T16:17:08Z,Python,MIT,323.0,181.0,89,62,116.0,893.0,134,False,2019-04-25T14:32:02Z,emcee,dfm
208,2015-04-10T14:43:44Z,TeX,MIT,2.0,5.0,4,0,0.0,21.0,4,False,2016-12-02T19:58:55Z,emcee3,dfm
209,2013-11-20T16:10:49Z,TeX,MIT,3.0,20.0,3,0,0.0,4.0,3,False,2014-09-01T11:16:21Z,exopop,dfm
210,2012-09-27T14:07:59Z,Python,MIT,88.0,92.0,66,18,22.0,282.0,80,False,2019-03-30T17:21:26Z,george,dfm
211,2015-01-21T02:05:35Z,TeX,,1.0,31.0,4,2,2.0,0.0,4,,2015-05-01T13:15:01Z,k2-paper,dfm
212,2013-01-23T21:03:00Z,Python,MIT,7.0,12.0,3,0,0.0,9.0,3,False,2015-11-04T05:26:42Z,ketu,dfm
213,2013-08-26T14:32:35Z,C,MIT,3.0,1.0,1,0,0.0,2.0,1,False,2013-08-26T14:36:52Z,photodynam,dfm
214,2013-06-17T15:12:16Z,Python,MIT,7.0,4.0,4,1,1.0,15.0,4,False,2015-08-06T05:16:03Z,python-bls,dfm
215,2012-04-19T03:09:38Z,Python,MIT,17.0,67.0,34,8,46.0,28.0,36,False,2019-03-05T22:33:40Z,python-fsps,dfm
216,,,,,,0,0,,,0,,,triangle,dfm
217,2015-11-12T14:25:31Z,Python,,6.0,0.0,0,2,2.0,12.0,2,,2018-11-07T01:49:56Z,precession,dgerosa
218,2018-01-30T02:18:45Z,Python,MIT,2.0,1.0,1,1,1.0,8.0,2,False,2018-08-28T15:45:34Z,surrkick,dgerosa
219,2014-05-14T18:36:57Z,Python,,0.0,0.0,0,0,0.0,0.0,0,,2014-11-18T14:46:39Z,qcinv,dhanson
220,2014-09-24T13:34:11Z,Python,,9.0,3.0,3,3,3.0,9.0,5,,2017-08-30T00:56:56Z,quicklens,dhanson
221,2016-02-11T21:31:02Z,C++,MIT,0.0,0.0,0,1,1.0,2.0,1,False,2017-05-18T17:51:46Z,magnetron2,dhuppenkothen
222,2017-11-29T20:17:24Z,Jupyter Notebook,BSD-2-Clause,0.0,0.0,0,1,1.0,1.0,1,False,2018-01-26T22:28:00Z,cometperiodsearch,dirac-institute
223,2015-10-15T19:21:37Z,Python,,1.0,0.0,0,0,0.0,1.0,0,,2018-07-17T23:54:51Z,beams,djones1040
224,,,,,,0,0,,,0,,,pyphot,djones1040
225,2014-01-17T21:56:32Z,Python,,19.0,7.0,3,5,12.0,25.0,8,,2018-02-19T19:19:41Z,pythonphot,djones1040
226,,,,,,0,0,,,0,,,pythonphot51,djones1040
227,2015-07-18T09:48:21Z,Python,,7.0,27.0,13,7,21.0,5.0,14,,2019-04-03T18:27:49Z,speclite,dkirkby
228,2014-11-18T19:32:16Z,C,,0.0,0.0,0,0,0.0,0.0,0,,2017-01-30T21:32:09Z,superalign,dkmagee
229,2017-12-29T01:30:23Z,JavaScript,MIT,0.0,2.0,2,0,0.0,2.0,2,False,2019-05-02T05:44:39Z,broker,dmitryduev
230,2014-02-06T17:28:03Z,C++,Apache-2.0,6218.0,2784.0,1717,464,1653.0,15813.0,2003,False,2019-05-03T23:14:53Z,xgboost,dmlc
231,2017-02-15T15:57:00Z,IDL,MIT,0.0,0.0,0,0,0.0,4.0,0,False,2019-05-02T20:35:21Z,noaosourcecatalog,dnidever
232,2015-01-09T18:22:36Z,IDL,MIT,5.0,0.0,0,3,14.0,4.0,3,False,2019-02-15T09:32:20Z,photred,dnidever
233,2015-04-14T18:15:16Z,IDL,MIT,0.0,0.0,0,0,0.0,1.0,0,False,2018-11-20T06:33:20Z,smashred,dnidever
234,2017-09-22T21:34:45Z,Python,,2.0,0.0,0,0,0.0,7.0,0,,2018-07-31T17:57:52Z,kasen_kilonova_models_2017,dnkasen
235,,,,,,0,0,,,0,,,kasen_kilonova_models_2017the,dnkasen
236,2017-08-10T19:12:06Z,C++,,1.0,0.0,0,0,0.0,0.0,0,,2018-08-02T17:58:29Z,decouple,donlok
237,2018-05-31T17:42:45Z,,,0.0,0.0,0,0,0.0,0.0,0,,2018-05-31T17:43:36Z,photometry_astrometry,donlok
238,,,,,,0,0,,,0,,,iso,dotbot2000
239,2012-12-17T06:23:00Z,Python,BSD-3-Clause,6.0,53.0,3,0,0.0,48.0,3,False,2017-03-13T23:20:19Z,py-sdm,dougalsutherland
240,2016-12-26T19:40:10Z,IDL,,0.0,0.0,0,0,0.0,0.0,0,,2018-09-11T16:09:48Z,osiris,drlaw1558
241,2013-09-28T02:28:13Z,Python,MIT,12.0,45.0,8,9,22.0,3.0,13,False,2018-10-01T04:30:39Z,om10,drphilmarshall
242,2012-03-09T18:06:08Z,Python,GPL-2.0,10.0,105.0,3,4,8.0,7.0,4,False,2016-12-20T17:38:05Z,pangloss,drphilmarshall
243,2017-10-06T20:56:36Z,Python,NOASSERTION,2.0,4.0,2,2,3.0,4.0,3,True,2019-04-12T01:34:59Z,pyforecasttools,drsteve
244,2013-10-30T21:13:17Z,IDL,GPL-3.0,4.0,0.0,0,1,1.0,2.0,1,False,2018-06-25T20:59:38Z,ifsfit,drupke
245,2014-02-17T20:17:47Z,HTML,GPL-3.0,1.0,0.0,0,0,0.0,3.0,0,False,2019-03-14T21:56:37Z,ifsred,drupke
246,2013-12-05T14:30:38Z,Python,NOASSERTION,12.0,77.0,15,5,13.0,34.0,16,True,2019-04-22T20:02:34Z,tractor,dstndstn
247,2015-05-18T02:50:08Z,Jupyter Notebook,GPL-3.0,16.0,20.0,14,3,15.0,13.0,15,False,2019-05-03T20:52:35Z,reboundx,dtamayo
248,2016-04-26T15:45:51Z,C,GPL-3.0,6.0,0.0,0,1,3.0,12.0,1,False,2019-04-25T14:17:33Z,disco,duffell
249,2014-10-03T18:38:03Z,C,GPL-3.0,2.0,0.0,0,0,0.0,2.0,0,False,2019-04-17T14:55:58Z,rt1d,duffell
250,2017-06-20T14:14:05Z,C,,0.0,0.0,0,0,0.0,0.0,0,,2017-06-20T14:20:10Z,rrc-blecicetal-2017-apj-3dretriev,dzesmin
251,2014-06-26T02:04:56Z,Python,NOASSERTION,13.0,1.0,1,2,3.0,13.0,3,True,2018-10-18T15:06:34Z,tea,dzesmin
252,2014-11-07T03:57:49Z,Tea,,1.0,0.0,0,0,0.0,0.0,0,,2016-04-13T07:00:09Z,tea-examples,dzesmin
253,,,,,,0,0,,,0,,,spectral,eas342
254,2015-10-26T17:30:07Z,Python,GPL-3.0,4.0,31.0,12,4,6.0,18.0,13,False,2019-02-28T01:02:51Z,pylima,ebachelet
255,2018-01-09T21:31:29Z,MATLAB,MIT,0.0,0.0,0,1,1.0,0.0,1,False,2019-03-22T17:08:05Z,instrumentsimulator,ebechter
256,2013-05-31T18:07:22Z,Python,NOASSERTION,6.0,0.0,0,1,1.0,4.0,1,True,2018-09-06T05:06:27Z,pyraf-dbsp,ebellm
257,2012-10-09T02:25:52Z,Python,,5.0,21.0,3,2,2.0,5.0,4,,2017-03-08T03:49:40Z,dust,eblur
258,,,,,,0,0,,,0,,,dust;,eblur
259,,,,,,0,0,,,0,,,ghost,eblur
260,2016-02-05T20:31:52Z,Jupyter Notebook,,2.0,1.0,1,1,3.0,1.0,1,,2019-03-12T16:43:06Z,ismdust,eblur
261,2017-03-10T19:36:40Z,Python,GPL-3.0,1.0,4.0,2,1,1.0,3.0,3,False,2019-04-18T07:57:52Z,mcfit,eelregit
262,2012-03-02T15:44:28Z,C++,,7.0,0.0,0,0,0.0,8.0,0,,2012-08-16T18:39:31Z,fvmhd3d,egaburov
263,2012-05-17T06:46:18Z,C++,GPL-3.0,7.0,7.0,3,5,10.0,19.0,8,False,2016-06-01T04:13:40Z,dnest3,eggplantbren
264,2015-12-09T21:46:21Z,C++,MIT,13.0,13.0,8,6,18.0,43.0,14,False,2019-04-23T00:06:35Z,dnest4,eggplantbren
265,2017-02-07T00:19:52Z,Jupyter Notebook,MIT,0.0,0.0,0,0,0.0,2.0,0,False,2017-10-02T22:17:49Z,bayestoolssatdynamics,ekta1224
266,2017-08-24T12:10:34Z,Jupyter Notebook,,0.0,0.0,0,0,0.0,0.0,0,,2017-10-04T12:07:58Z,oriondr1,eleonorazari
267,2016-01-20T04:53:04Z,,,0.0,0.0,0,0,0.0,0.0,0,,2016-01-22T00:58:42Z,cosmolike_forecasts,elikrause
268,2013-10-03T21:08:41Z,Python,,0.0,0.0,0,0,0.0,0.0,0,,2014-06-30T16:08:30Z,des-class-populations,elisabethadams
269,2016-09-27T05:32:23Z,Python,GPL-3.0,0.0,0.0,0,0,0.0,0.0,0,False,2016-09-27T05:55:20Z,lzcomp,elisehampton
270,2016-07-01T00:43:29Z,C,,7.0,0.0,0,1,1.0,19.0,1,,2018-03-17T01:24:52Z,exo_transmit,elizakempton
271,2012-12-12T22:26:41Z,Perl,GPL-3.0,1.0,1.0,1,0,0.0,0.0,1,False,2017-06-14T15:01:34Z,tapir,elnjensen
272,2016-03-15T12:38:50Z,Python,,1.0,0.0,0,2,3.0,0.0,2,,2018-09-10T12:23:12Z,ffago,emilieparent
273,,,,,,0,0,,,0,,,nirc2,emolter
274,2016-12-20T12:37:15Z,C++,NOASSERTION,2.0,0.0,0,1,1.0,1.0,1,True,2019-03-04T16:50:39Z,diamonds,enricocorsaro
275,2015-08-28T22:57:52Z,Julia,MIT,8.0,4.0,3,4,9.0,6.0,6,False,2016-04-23T17:48:56Z,ttvfaster,ericagol
276,2013-07-26T19:49:14Z,C,NOASSERTION,4.0,5.0,4,3,13.0,16.0,6,True,2019-01-14T14:24:07Z,funtools,ericmandel
277,2015-07-20T22:07:41Z,Prolog,MIT,1.0,1.0,1,1,1.0,2.0,1,False,2016-05-20T13:50:12Z,nirew,ernewton
278,2015-06-29T15:30:33Z,Python,MIT,0.0,0.0,0,0,0.0,2.0,0,False,2018-01-26T17:05:08Z,rogui,ernewton
279,2015-04-17T13:21:56Z,IDL,MIT,2.0,1.0,1,0,0.0,1.0,1,False,2018-11-30T20:42:12Z,tellrv,ernewton
280,2011-09-12T05:35:41Z,C,GPL-2.0,38.0,146.0,55,23,99.0,75.0,61,False,2019-05-03T18:03:19Z,fitsio,esheldon
281,,,,,,0,0,,,0,,,kmeans,esheldon
282,2014-11-10T00:07:51Z,Python,,4.0,1.0,1,1,1.0,4.0,2,,2019-02-21T00:42:07Z,kmeans_radec,esheldon
283,2013-11-09T22:50:03Z,Python,NOASSERTION,9.0,15.0,6,5,43.0,21.0,7,True,2019-03-29T17:06:57Z,ngmix,esheldon
284,2013-04-26T13:50:50Z,C,GPL-3.0,5.0,7.0,5,3,8.0,9.0,7,False,2019-01-07T14:53:05Z,psfex,esheldon
285,2016-06-28T15:29:56Z,C,,1.0,0.0,0,1,11.0,1.0,1,,2017-09-11T14:59:42Z,cassisgeometry,espaceepfl
286,2015-11-19T20:32:58Z,R,,0.0,0.0,0,0,0.0,0.0,0,,2016-02-26T22:03:37Z,iracpm,esplint
287,2015-09-17T21:57:12Z,Jupyter Notebook,,0.0,0.0,0,0,0.0,0.0,0,,2016-06-06T14:53:05Z,piscdwarfs_hst,eteq
288,,,,,,0,0,,,0,,,piscdwarfs_hst;,eteq
289,2015-12-21T22:32:39Z,Python,MIT,1.0,1.0,1,0,0.0,0.0,1,False,2016-05-12T23:30:53Z,rgbmcmr,eteq
290,2015-01-23T11:05:34Z,Python,GPL-3.0,3.0,1.0,1,0,0.0,8.0,1,False,2019-02-28T19:52:32Z,helios,exoclime
291,2016-12-06T21:12:07Z,Python,GPL-3.0,3.0,1.0,1,1,1.0,3.0,2,False,2018-10-02T13:35:00Z,vulcan,exoclime
292,2016-12-06T15:50:31Z,Python,,2.0,0.0,0,1,1.0,3.0,1,,2019-02-26T18:31:54Z,chimera,exoctk
293,2018-10-31T15:09:03Z,Python,MIT,0.0,0.0,0,0,0.0,0.0,0,False,2019-03-04T22:52:04Z,dave,exoplanetvetting
294,2012-12-12T00:27:14Z,PLSQL,NOASSERTION,11.0,21.0,8,7,56.0,21.0,10,True,2019-04-16T13:11:45Z,bart,exosports
295,2014-06-13T18:24:56Z,C,NOASSERTION,4.0,63.0,10,7,83.0,2.0,12,True,2019-04-16T13:00:01Z,transit,exosports
296,2016-12-28T04:29:55Z,Jupyter Notebook,MIT,1.0,17.0,1,0,0.0,0.0,1,False,2018-10-18T19:50:41Z,aldebaran,farr
297,,,,,,0,0,,,0,,,carma,farr
298,,,,,,0,0,,,0,,,ensemble,farr
299,2011-01-20T00:05:36Z,Shell,GPL-3.0,1.0,0.0,0,0,0.0,4.0,0,False,2015-02-04T18:42:48Z,rings,farr
300,2013-12-05T12:10:11Z,Python,MIT,5.0,7.0,3,4,70.0,4.0,5,False,2017-12-04T13:01:41Z,skyarea,farr
301,2015-03-28T00:35:42Z,Python,NOASSERTION,14941.0,9091.0,5137,1326,3685.0,40783.0,5919,True,2019-05-03T18:08:16Z,keras,fchollet
302,2014-08-05T20:31:41Z,Python,MIT,2.0,0.0,0,1,1.0,0.0,1,False,2016-07-02T17:43:20Z,residuals_pylab,fedhere
303,2016-11-30T23:53:18Z,Jupyter Notebook,MIT,0.0,0.0,0,0,0.0,0.0,0,False,2017-02-16T00:47:35Z,occulted-flares,feffenberger
304,2015-01-22T00:07:34Z,Python,BSD-3-Clause,16.0,157.0,46,11,123.0,27.0,49,False,2019-04-03T13:57:19Z,fermipy,fermipy
305,2014-06-16T05:01:17Z,Fortran,,1.0,1.0,1,1,2.0,4.0,2,,2018-10-03T17:00:00Z,myradex,fjdu
306,2013-08-05T16:58:09Z,Fortran,,0.0,0.0,0,0,0.0,0.0,0,,2018-08-03T06:48:44Z,rac-2d,fjdu
307,2013-11-29T09:37:55Z,Python,GPL-2.0,10.0,26.0,6,9,67.0,1.0,11,False,2019-05-02T13:44:04Z,analysator,fmihpc
308,2015-08-26T04:12:19Z,Python,GPL-3.0,2.0,0.0,0,1,1.0,4.0,1,False,2016-12-08T08:16:11Z,x3d-pathway,fpavogt
309,2015-12-02T15:25:05Z,Jupyter Notebook,GPL-3.0,9.0,19.0,3,4,13.0,12.0,6,False,2019-05-03T21:00:19Z,trippy,fraserw
310,2017-05-08T05:52:22Z,Python,MIT,8.0,44.0,9,2,37.0,12.0,9,False,2019-05-03T23:53:12Z,scarlet,fred3m
311,2016-06-17T10:10:21Z,Python,MIT,9.0,10.0,7,3,5.0,23.0,10,False,2019-04-25T16:19:45Z,agnfitter,gabrielacr
312,2012-02-22T02:51:45Z,Python,NOASSERTION,60.0,670.0,76,35,354.0,93.0,86,True,2019-05-03T18:47:22Z,galsim,galsim-developers
313,2017-12-13T20:44:47Z,C++,NOASSERTION,10.0,6.0,3,2,6.0,25.0,3,True,2019-04-12T13:58:20Z,gamer,gamer-project
314,2014-11-24T00:09:19Z,Python,,1.0,0.0,0,0,0.0,0.0,0,,2015-09-23T21:12:32Z,circumbinary,garmilla
315,2017-02-25T22:08:51Z,Python,MIT,8.0,4.0,4,4,5.0,11.0,6,False,2018-09-08T00:54:24Z,gausspy,gausspy
316,2015-04-21T02:08:02Z,C,,10.0,3.0,3,2,5.0,23.0,5,,2019-03-08T15:21:08Z,eazy-photoz,gbrammer
317,2016-04-08T14:17:48Z,Python,MIT,13.0,28.0,8,2,10.0,8.0,8,False,2019-05-03T13:17:07Z,grizli,gbrammer
318,2015-10-09T15:35:50Z,Python,,2.0,7.0,2,0,0.0,3.0,2,,2017-07-07T17:00:42Z,threedhst,gbrammer
319,2015-10-09T16:36:00Z,Python,MIT,1.0,0.0,0,0,0.0,0.0,0,False,2017-07-07T16:59:34Z,unicorn,gbrammer
320,2013-09-04T16:49:21Z,Python,,1.0,1.0,1,0,0.0,0.0,1,,2018-12-04T12:35:13Z,wfc3,gbrammer
321,2016-12-04T19:12:40Z,Makefile,GPL-3.0,5.0,9.0,7,1,1.0,8.0,7,False,2019-03-12T09:46:55Z,qsfit,gcalderone
322,2013-04-09T22:00:25Z,Python,,0.0,0.0,0,0,0.0,3.0,0,,2013-08-12T17:14:50Z,mules,gdobler
323,2013-04-09T15:19:25Z,Python,,6.0,9.0,2,4,63.0,0.0,4,,2014-10-15T16:03:19Z,geminiutil,geminiutil
324,,,,,,0,0,,,0,,,limlam,georgestein
325,2015-04-18T20:09:47Z,Python,,3.0,4.0,4,0,0.0,0.0,4,,2018-02-16T23:21:40Z,gtburst,giacomov
326,2015-10-09T23:31:43Z,C,MIT,1.0,0.0,0,0,0.0,0.0,0,False,2016-09-20T17:41:24Z,pyggop,giacomov
327,2016-06-23T11:07:11Z,C,GPL-2.0,0.0,0.0,0,0,0.0,0.0,0,False,2016-06-29T09:44:34Z,speedynn,gieseke
328,2018-05-04T00:44:45Z,Python,,2.0,0.0,0,1,1.0,4.0,1,,2019-04-26T20:31:55Z,epos,gijsmulders
329,2018-04-04T14:07:43Z,Python,MIT,0.0,0.0,0,0,0.0,1.0,0,False,2018-12-07T19:00:18Z,wddata,gnarayan
330,2016-07-07T00:11:03Z,Python,GPL-3.0,0.0,0.0,0,1,12.0,2.0,1,False,2019-04-30T17:07:50Z,wdmodel,gnarayan
331,2016-03-07T22:17:25Z,Python,GPL-3.0,5.0,2.0,2,3,4.0,1.0,4,False,2017-03-21T18:04:50Z,pyxel,gogrean
332,,,,,,0,0,,,0,,,tremblay_,granttremblay
333,2016-05-24T23:11:06Z,Python,GPL-2.0,5.0,18.0,11,4,4.0,16.0,14,False,2019-05-03T20:53:40Z,dustmaps,gregreen
334,2014-10-02T08:46:48Z,MATLAB,NOASSERTION,19.0,1.0,1,0,0.0,25.0,1,True,2017-11-10T09:48:06Z,wavelet-coherence,grinsted
335,2016-10-07T02:03:47Z,HTML,NOASSERTION,1.0,0.0,0,2,5.0,6.0,2,True,2019-04-29T22:51:29Z,panacea,grzeimann
336,2016-05-22T20:43:50Z,Python,MIT,4.0,0.0,0,0,0.0,17.0,0,False,2016-12-21T15:13:08Z,nonnegmfpy,guangtunbenzhu
337,,,,,,0,0,,,0,,,labeling,guille-c
338,2016-09-09T15:37:55Z,Python,MIT,22.0,68.0,8,8,103.0,14.0,13,False,2019-03-25T22:00:51Z,mosfit,guillochon
339,,,,,,0,0,,,0,,,mosﬁt,guillochon
340,2018-04-02T02:46:56Z,Jupyter Notebook,MIT,2.0,0.0,0,1,1.0,0.0,1,False,2018-10-07T16:04:37Z,diffuser-assisted-k2-followup,gummiks
341,2014-07-21T08:56:25Z,Stan,MIT,4.0,30.0,3,2,35.0,2.0,4,False,2019-01-23T12:44:56Z,xid_plus,h-e-l-p
342,2014-05-01T18:48:22Z,Jupyter Notebook,MIT,0.0,0.0,0,0,0.0,0.0,0,False,2016-01-29T21:50:03Z,cepheids,hamogu
343,2013-12-24T15:02:35Z,Jupyter Notebook,,0.0,0.0,0,0,0.0,0.0,0,,2016-03-09T16:17:34Z,recollimationxrayctts,hamogu
344,2017-01-22T03:54:55Z,Python,,1.0,0.0,0,0,0.0,7.0,0,,2017-01-22T03:51:17Z,open_exoplanet_catalogue,hannorein
345,2011-07-02T13:11:31Z,Jupyter Notebook,GPL-3.0,98.0,160.0,70,31,220.0,247.0,88,False,2019-04-09T15:10:08Z,rebound,hannorein
346,2017-06-25T18:10:01Z,C++,,1.0,1.0,1,0,0.0,2.0,1,,2018-11-01T12:07:56Z,nutausim,harmscho
347,2011-07-06T11:08:31Z,Python,GPL-2.0,98.0,308.0,156,47,241.0,112.0,173,False,2019-04-23T16:37:46Z,healpy,healpy
348,2017-03-09T14:31:01Z,Python,MIT,2.0,0.0,0,0,0.0,0.0,0,False,2019-03-22T16:46:45Z,slit,herjy
349,2014-11-24T15:50:23Z,Python,MIT,523.0,311.0,206,56,188.0,3756.0,240,False,2019-04-10T22:23:38Z,autograd,hips
350,2016-05-08T06:42:07Z,IDL,,0.0,1.0,1,0,0.0,0.0,1,,2017-06-22T14:04:35Z,lzifu,hoiting
351,2016-02-12T11:46:34Z,Python,,7.0,2.0,2,1,2.0,1.0,2,,2017-03-29T10:58:46Z,k2ps,hpparvi
352,2015-03-09T14:13:54Z,Jupyter Notebook,GPL-2.0,9.0,10.0,4,3,3.0,14.0,7,False,2018-05-14T12:26:57Z,ldtk,hpparvi
353,2013-06-20T18:36:40Z,Fortran,,2.0,1.0,1,0,0.0,4.0,1,,2016-02-12T15:48:29Z,pybls,hpparvi
354,2013-06-20T18:02:04Z,Python,GPL-2.0,4.0,4.0,2,0,0.0,11.0,2,False,2019-04-01T20:40:39Z,pyde,hpparvi
355,2012-11-24T11:08:39Z,Jupyter Notebook,GPL-2.0,10.0,27.0,13,1,4.0,38.0,13,False,2019-05-03T18:10:26Z,pytransit,hpparvi
356,2015-04-03T20:12:00Z,C++,AGPL-3.0,0.0,0.0,0,0,0.0,2.0,0,False,2015-04-03T20:12:06Z,k-s_1d_swept,hubailmm
357,2013-01-11T15:38:46Z,Fortran,BSD-2-Clause,2.0,0.0,0,0,0.0,1.0,0,False,2013-10-08T08:11:32Z,bhmie,hyperion-rt
358,2015-03-13T15:04:39Z,IDL,GPL-2.0,3.0,0.0,0,0,0.0,4.0,0,False,2017-12-20T15:46:19Z,demreg,ianan
359,,,,,,0,0,,,0,,,jwstprep,iancrossﬁeld
360,2014-10-20T17:34:39Z,Julia,MIT,5.0,26.0,6,2,3.0,7.0,6,False,2018-10-17T22:22:43Z,diskjockey,iancze
361,2015-03-26T22:08:10Z,Python,MIT,1.0,0.0,0,0,0.0,1.0,0,False,2016-03-17T22:50:26Z,scottiepippen,iancze
362,2013-07-24T13:14:29Z,HTML,BSD-3-Clause,14.0,82.0,16,8,45.0,38.0,18,False,2019-04-22T13:09:46Z,starfish,iancze
363,2015-07-19T00:06:06Z,Python,MIT,3.0,18.0,3,3,8.0,3.0,4,False,2018-08-17T20:00:17Z,diskpy,ibackus
364,2016-08-31T05:41:36Z,C++,,2.0,1.0,1,2,3.0,14.0,3,,2019-05-01T05:12:05Z,profit,icrar
365,2014-06-05T02:45:41Z,Python,,10.0,14.0,7,4,5.0,9.0,7,,2017-08-18T06:31:04Z,plp,igrins
366,2014-12-04T00:08:18Z,Python,BSD-3-Clause,4.0,27.0,4,2,3.0,1.0,5,False,2018-08-30T16:07:08Z,simqso,imcgreer
367,2012-12-18T18:45:17Z,C++,NOASSERTION,36.0,139.0,40,13,192.0,90.0,45,True,2019-03-18T22:38:06Z,iminuit,iminuit
368,2014-04-22T19:41:21Z,Python,,1.0,0.0,0,0,0.0,1.0,0,,2017-05-11T16:59:18Z,thekastshiv,ishivvers
369,2014-02-17T17:39:50Z,C,,6.0,15.0,3,3,6.0,7.0,5,,2019-04-26T15:30:30Z,rh,ita-solar
370,2016-01-28T20:05:33Z,Jupyter Notebook,MIT,1.0,0.0,0,0,0.0,0.0,0,False,2018-10-17T14:02:07Z,clear,ivastar
371,2016-06-06T19:14:13Z,Fortran,BSD-3-Clause,1.0,2.0,1,0,0.0,3.0,1,False,2018-01-11T10:29:27Z,dusty,ivezic
372,2016-03-16T13:39:57Z,Python,MIT,2.0,0.0,0,0,0.0,1.0,0,False,2017-08-03T16:09:28Z,quicksip,ixkael
373,2014-12-18T00:42:25Z,Python,BSD-2-Clause,11.0,7.0,5,5,9.0,44.0,9,False,2018-05-08T08:09:04Z,supersmoother,jakevdp
374,2015-11-11T06:10:05Z,Python,MIT,2.0,3.0,3,1,1.0,3.0,3,False,2018-05-08T23:24:59Z,superbol,jalusk
375,2017-09-18T13:49:44Z,sed,GPL-3.0,1.0,3.0,2,1,1.0,3.0,2,False,2019-04-28T20:06:06Z,fast,jamesaird
376,2017-01-06T21:01:27Z,Jupyter Notebook,MIT,4.0,15.0,6,3,16.0,3.0,6,False,2019-05-02T03:52:48Z,pynrc,jarronl
377,2016-07-02T13:03:36Z,IDL,Apache-2.0,1.0,0.0,0,1,2.0,1.0,1,False,2018-11-23T05:18:09Z,jude,jaymurthy
378,2015-05-09T11:20:16Z,Python,,0.0,6.0,1,0,0.0,4.0,1,,2018-07-15T07:53:23Z,maskutils,jcoupon
379,2015-06-18T11:16:24Z,C,,3.0,0.0,0,1,1.0,6.0,1,,2017-08-04T03:37:40Z,venice,jcoupon
380,2015-12-06T00:38:05Z,Python,MIT,0.0,0.0,0,0,0.0,0.0,0,False,2018-04-25T22:22:33Z,validation,jdcphysics
381,2017-01-16T13:23:17Z,IDL,BSD-3-Clause,7.0,0.0,0,0,0.0,9.0,0,False,2019-02-08T17:12:52Z,exofastv2,jdeast
382,2018-01-29T23:33:11Z,Gnuplot,MIT,0.0,1.0,1,0,0.0,0.0,1,False,2018-03-02T00:18:39Z,ephemmatch,jefflcoughlin
383,2018-01-19T00:07:56Z,C++,MIT,0.0,0.0,0,0,0.0,0.0,0,False,2019-01-16T23:49:11Z,model-shift,jefflcoughlin
384,2017-01-09T07:09:48Z,Python,MIT,0.0,0.0,0,0,0.0,0.0,0,False,2018-01-23T19:37:19Z,skye,jefflcoughlin
385,2016-05-02T22:28:09Z,Python,MIT,5.0,0.0,0,0,0.0,6.0,0,False,2016-10-10T03:39:29Z,gsm2016,jeffzhen
386,2014-03-20T19:57:50Z,Python,,9.0,0.0,0,0,0.0,1.0,0,,2015-10-21T23:08:32Z,omnical,jeffzhen
387,2013-07-02T17:35:15Z,Python,,5.0,0.0,0,3,5.0,0.0,3,,2014-01-18T04:35:06Z,pal,jellis18
388,2014-01-29T16:00:46Z,Python,,3.0,0.0,0,2,3.0,5.0,2,,2017-11-15T16:22:01Z,pal2,jellis18
389,2015-03-24T19:49:08Z,Python,MIT,10.0,8.0,2,5,10.0,10.0,6,False,2019-02-05T00:44:16Z,ptmcmcsampler,jellis18
390,2016-03-30T14:35:00Z,C++,GPL-2.0,5.0,0.0,0,1,1.0,2.0,1,False,2016-07-29T09:30:41Z,ggm,jeremysanders
391,2017-09-21T09:44:29Z,Python,,0.0,0.0,0,0,0.0,0.0,0,,2017-10-25T13:04:16Z,k0dist,jeremysanders
392,2017-02-07T14:06:24Z,Python,NOASSERTION,0.0,0.0,0,0,0.0,1.0,0,True,2017-05-31T14:23:27Z,mbproj2,jeremysanders
393,,,,,,0,0,,,0,,,xspec,jeremysanders
394,,,,,,0,0,,,0,,,omnical,jeﬀzhen
395,2013-10-02T19:17:52Z,Java,AFL-3.0,0.0,0.0,0,0,0.0,2.0,0,False,2019-03-03T03:16:09Z,jspam,jfwallin
396,,,,,,0,0,,,0,,,banyan,jgagneastro
397,2017-12-09T20:18:06Z,Python,MIT,2.0,0.0,0,0,0.0,5.0,0,False,2018-11-07T02:54:13Z,banyan_sigma,jgagneastro
398,,,,,,0,0,,,0,,,firehose_,jgagneastro
399,2015-06-19T20:16:24Z,IDL,,0.0,2.0,1,0,0.0,3.0,1,,2016-12-23T07:21:18Z,firehose_v2,jgagneastro
400,,,,,,0,0,,,0,,,red_,jgagneastro
401,,,,,,0,0,,,0,,,ﬁnder,jgagneastro
402,2018-05-31T07:44:54Z,Jupyter Notebook,,0.0,0.0,0,0,0.0,2.0,0,,2018-06-28T08:15:42Z,jitter,jieyu126
403,,,,,,0,0,,,0,,,1310947#file-msky-py,jiffyclub
404,2012-03-15T19:25:51Z,Python,NOASSERTION,7.0,5.0,4,5,6.0,15.0,8,True,2016-01-26T15:29:07Z,leastsqbound-scipy,jjhelmus
405,2018-04-09T20:17:58Z,Python,NOASSERTION,0.0,0.0,0,0,0.0,0.0,0,True,2019-01-30T09:41:14Z,seagen,jkeger
406,2018-01-19T22:05:21Z,,,0.0,0.0,0,0,0.0,0.0,0,,2018-01-22T19:27:12Z,gj9827,jkteske
407,2015-01-19T02:55:06Z,Python,,3.0,9.0,2,0,0.0,5.0,2,,2019-04-30T07:01:31Z,puma,jlbline
408,,,,,,0,0,,,0,,,ﬂaapluc,jlenain
409,2012-02-22T00:08:20Z,Python,,4.0,0.0,0,1,1.0,3.0,1,,2019-01-08T19:51:57Z,jlu-python-code,jluastro
410,2016-01-29T07:12:21Z,Python,MIT,2.0,0.0,0,1,1.0,0.0,1,False,2019-04-28T01:45:55Z,coronagraph,jlustigy
411,2016-10-04T20:22:31Z,Python,MIT,0.0,0.0,0,1,1.0,0.0,1,False,2018-02-11T01:25:54Z,samurai,jlustigy
412,2015-08-17T05:42:11Z,Python,BSD-3-Clause,67.0,8.0,7,4,8.0,227.0,11,False,2017-11-05T05:34:33Z,pyltr,jma127
413,2015-05-01T22:53:36Z,IDL,BSD-2-Clause,6.0,17.0,5,2,2.0,30.0,7,False,2018-04-27T20:49:58Z,linmix,jmeyers314
414,2011-09-12T16:13:48Z,Python,NOASSERTION,5.0,0.0,0,0,0.0,7.0,0,True,2013-02-14T02:40:07Z,bovy_mcmc,jobovy
415,2014-01-17T22:37:24Z,Python,NOASSERTION,14.0,18.0,14,3,5.0,55.0,15,True,2019-04-25T13:32:34Z,extreme-deconvolution,jobovy
416,,,,,,0,0,,,0,,,gaia,jobovy
417,2016-09-12T15:47:05Z,Python,MIT,10.0,8.0,6,4,11.0,31.0,9,False,2019-04-16T15:30:29Z,gaia_tools,jobovy
418,2011-09-13T03:20:30Z,Python,BSD-3-Clause,53.0,311.0,36,19,66.0,90.0,46,False,2019-04-26T03:05:47Z,galpy,jobovy
419,2014-12-06T01:20:24Z,Python,,0.0,0.0,0,0,0.0,1.0,0,,2015-08-12T14:50:42Z,galpy-paper-figures,jobovy
420,,,,,,0,0,,,0,,,galpy;,jobovy
421,,,,,,0,0,,,0,,,galpyandthelatestdocumentationcanbefoundathttp:,jobovy
422,,,,,,0,0,,,0,,,galpywithextensivedocumentationavailableathttp:,jobovy
423,2013-11-23T22:57:28Z,C,BSD-3-Clause,7.0,10.0,8,2,2.0,10.0,10,False,2018-11-16T00:11:23Z,mwdust,jobovy
424,2011-11-11T00:38:51Z,Python,NOASSERTION,0.0,0.0,0,0,0.0,0.0,0,True,2015-09-17T21:38:16Z,segueselect,jobovy
425,2017-01-19T22:36:03Z,Jupyter Notebook,MIT,0.0,0.0,0,0,0.0,2.0,0,False,2017-07-06T23:03:40Z,tgas-completeness,jobovy
426,,,,,,0,0,,,0,,,bart,joeharr4
427,2017-05-17T17:58:51Z,Python,NOASSERTION,3.0,9.0,7,0,0.0,21.0,7,True,2019-04-05T11:42:00Z,nway,johannesbuchner
428,2011-09-26T14:48:34Z,Python,NOASSERTION,47.0,110.0,75,18,21.0,96.0,87,True,2019-02-28T16:15:20Z,pymultinest,johannesbuchner
429,2016-10-09T17:24:45Z,Jupyter Notebook,MIT,1.0,0.0,0,0,0.0,2.0,0,False,2019-04-08T15:37:14Z,hugs,johnnygreco
430,2013-07-24T17:12:42Z,Python,NOASSERTION,5.0,5.0,4,1,1.0,4.0,5,True,2018-03-04T20:26:40Z,padova,jonathansick
431,,,,,,0,0,,,0,,,kmpfit,josephmeiring
432,,,,,,0,0,,,0,,,kmpﬁt,josephmeiring
433,2017-05-02T02:03:54Z,Python,MIT,19.0,105.0,21,10,21.0,91.0,25,False,2019-04-05T00:11:09Z,dynesty,joshspeagle
434,,,,,,0,0,,,0,,,snsed;,jpierel14
435,2015-03-15T22:31:54Z,C++,GPL-2.0,2.0,39.0,3,1,1.0,10.0,4,False,2015-08-02T21:52:49Z,pyminuit,jpivarski
436,2014-08-06T19:06:00Z,Python,NOASSERTION,12.0,4.0,2,3,4.0,9.0,5,True,2019-01-22T17:23:27Z,21cmsense,jpober
437,2014-04-15T20:14:25Z,Python,BSD-2-Clause,7.0,3.0,3,3,3.0,71.0,5,False,2014-10-15T22:17:36Z,cubehelix,jradavenport
438,2014-05-08T17:36:44Z,IDL,,1.0,15.0,3,0,0.0,1.0,3,,2016-07-30T16:19:28Z,fbeye,jradavenport
439,2014-04-19T17:37:27Z,IDL,BSD-2-Clause,1.0,4.0,2,0,0.0,9.0,2,False,2017-04-24T16:35:13Z,jradavenport_idl,jradavenport
440,2013-11-07T18:43:22Z,Python,,1.0,0.0,0,0,0.0,3.0,0,,2018-01-04T17:46:24Z,pyradexnest,jrka
441,2017-04-17T19:41:30Z,Python,,0.0,0.0,0,0,0.0,0.0,0,,2019-04-05T16:55:18Z,theoretical-pwz-relations,jrneeley
442,2015-08-05T02:16:25Z,Fortran,,0.0,0.0,0,0,0.0,2.0,0,,2018-11-22T21:49:30Z,mockspec,jrvliet
443,2014-07-31T18:19:28Z,Python,MIT,4.0,0.0,0,0,0.0,8.0,0,False,2019-01-23T17:54:46Z,visilens,jspilker
444,2014-07-21T17:13:38Z,,,0.0,0.0,0,0,0.0,1.0,0,,2015-01-09T17:12:42Z,geodata,jswoboda
445,2013-11-06T19:55:23Z,Python,,1.0,0.0,0,0,0.0,0.0,0,,2016-04-01T15:39:14Z,clusterrank,juliadeneva
446,2016-10-21T23:12:37Z,Python,,1.0,0.0,0,0,0.0,1.0,0,,2019-04-16T02:18:29Z,eboss_clustering,julianbautista
447,2018-04-03T19:25:33Z,Python,BSD-3-Clause,0.0,0.0,0,1,1.0,1.0,1,False,2019-05-03T22:53:04Z,astropop,juliotux
448,,,,,,0,0,,,0,,,cola,junkoda
449,,,,,,0,0,,,0,,,bayesian,juramaga
450,,,,,,0,0,,,0,,,qpo-,jvandeneijnden
451,,,,,,0,0,,,0,,,chary_elbaz_,jwuphysics
452,2016-08-18T02:30:14Z,Python,,2.0,0.0,0,0,0.0,2.0,0,,2019-04-21T14:04:44Z,fitter,jyshangguan
453,2016-08-27T14:56:11Z,Python,MIT,0.0,0.0,0,0,0.0,1.0,0,False,2016-10-06T14:55:52Z,dyn_models,kalinova
454,,,,,,0,0,,,0,,,agn,karlan
455,2015-02-02T23:10:24Z,Python,MIT,0.0,1.0,1,0,0.0,1.0,1,False,2016-10-21T06:29:43Z,glassinspectionguis,kasperschmidt
456,2016-04-13T18:24:19Z,Python,MIT,2.0,5.0,5,2,4.0,13.0,7,False,2018-10-28T04:14:09Z,extinction,kbarbary
457,2013-07-18T19:28:48Z,Python,NOASSERTION,20.0,16.0,7,10,12.0,51.0,14,True,2019-01-29T16:09:37Z,nestle,kbarbary
458,2014-03-13T18:36:07Z,C,,25.0,46.0,22,10,26.0,70.0,24,,2019-04-01T17:14:37Z,sep,kbarbary
459,2016-10-25T22:02:41Z,Python,,3.0,0.0,0,0,0.0,10.0,0,,2017-05-13T11:24:27Z,sfdmap,kbarbary
460,2015-03-02T17:53:34Z,IDL,GPL-2.0,3.0,4.0,4,3,7.0,3.0,7,False,2018-06-19T23:59:31Z,kderp,kcwidev
461,2014-03-07T22:17:55Z,C,GPL-2.0,7.0,0.0,0,3,3.0,9.0,3,False,2017-02-13T04:36:22Z,ttvfast,kdeck
462,2014-10-22T00:57:54Z,Python,,11.0,92.0,33,3,45.0,10.0,34,,2019-01-09T23:47:06Z,mosfiredrp,keck-datareductionpipelines
463,2015-07-08T21:06:20Z,IDL,,16.0,24.0,10,13,65.0,13.0,15,,2019-05-03T18:08:40Z,osirisdrp,keck-datareductionpipelines
464,2015-07-28T20:31:49Z,IDL,,1.0,0.0,0,0,0.0,0.0,0,,2015-11-02T20:19:12Z,codes,keckert7
465,2013-11-02T13:54:54Z,Python,,5.0,3.0,3,2,4.0,5.0,5,,2018-06-03T16:10:27Z,dust_emissivity,keflavich
466,,,,,,0,0,,,0,,,fits_,keflavich
467,2013-07-01T21:23:04Z,Python,BSD-3-Clause,10.0,13.0,11,6,10.0,14.0,14,False,2018-10-11T20:15:22Z,pyradex,keflavich
468,2013-08-28T20:53:48Z,Python,,4.0,0.0,0,3,4.0,0.0,3,,2016-12-17T00:11:20Z,sdpy,keflavich
469,,,,,,0,0,,,0,,,w51_singledish_,keflavich
470,2014-06-07T15:12:56Z,TeX,,0.0,45.0,2,0,0.0,1.0,2,,2017-11-22T22:03:19Z,nirtemplates_manuscript,kelle
471,2015-09-27T02:01:50Z,Python,MIT,11.0,6.0,4,3,8.0,11.0,5,False,2019-01-24T19:32:13Z,kadenza,keplergo
472,2015-03-28T00:35:42Z,Python,NOASSERTION,14941.0,9091.0,5137,1326,3685.0,40784.0,5919,True,2019-05-03T18:08:16Z,keras,keras-team
473,,,,,,0,0,,,0,,,agpy,keﬂavich
474,,,,,,0,0,,,0,,,image,keﬂavich
475,,,,,,0,0,,,0,,,orion,keﬂavich
476,,,,,,0,0,,,0,,,pyradex,keﬂavich
477,2017-09-27T22:56:20Z,IDL,MIT,0.0,0.0,0,0,0.0,0.0,0,False,2018-06-20T02:32:47Z,tomo_mapsn,kheegan
478,2017-09-18T10:55:50Z,Python,MIT,1.0,1.0,1,2,6.0,2.0,2,False,2019-04-26T14:50:53Z,pyamps,klaundal
479,2010-09-04T01:21:12Z,JavaScript,MIT,1197.0,546.0,363,158,296.0,14660.0,486,False,2018-10-23T13:47:02Z,q,kriskowal
480,2016-11-26T11:48:47Z,Python,NOASSERTION,4.0,1.0,1,0,0.0,7.0,1,True,2018-02-21T11:17:55Z,exosoft,kylemede
481,2017-10-31T19:45:42Z,Jupyter Notebook,,0.0,0.0,0,0,0.0,3.0,0,,2017-10-31T21:34:44Z,nsfcommittee-si2017,labarba
482,2018-08-28T18:14:11Z,IDL,,0.0,0.0,0,0,0.0,0.0,0,,2018-10-10T14:58:22Z,bootstrap_asurv,lalanz
483,2018-10-10T15:00:22Z,IDL,,0.0,0.0,0,0,0.0,0.0,0,,2018-10-10T15:03:34Z,orthogonal_regression,lalanz
484,2014-11-19T00:11:47Z,Python,,14.0,4.0,3,12,202.0,13.0,14,,2019-05-03T22:04:20Z,banzai,lcogt
485,2009-06-21T03:01:58Z,Python,NOASSERTION,10.0,17.0,15,3,3.0,21.0,17,True,2018-01-22T03:39:22Z,pywcsgrid2,leejjoon
486,2015-06-26T19:40:29Z,Jupyter Notebook,BSD-3-Clause,8.0,248.0,16,10,131.0,14.0,16,False,2019-05-03T18:49:25Z,legacypipe,legacysurvey
487,2015-11-27T15:31:18Z,Python,NOASSERTION,1.0,37.0,3,2,5.0,0.0,4,True,2019-04-18T20:47:19Z,obsbot,legacysurvey
488,,,,,,0,0,,,0,,,unwise,legacysurvey
489,,,,,,0,0,,,0,,,class,lesgourg
490,,,,,,0,0,,,0,,,51,lgalbany
491,2017-12-20T03:32:26Z,TeX,,0.0,0.0,0,0,0.0,0.0,0,,2019-02-20T21:53:04Z,pisco,lgalbany
492,2014-11-07T07:59:20Z,C,NOASSERTION,20.0,142.0,21,10,133.0,21.0,24,True,2018-08-09T12:40:39Z,lime,lime-rt
493,2015-05-25T00:15:17Z,Python,,20.0,90.0,23,14,410.0,15.0,30,,2019-05-02T20:26:13Z,linetools,linetools
494,2017-06-21T17:29:23Z,Jupyter Notebook,MIT,1.0,1.0,1,0,0.0,2.0,1,False,2018-07-07T15:41:39Z,geospacepy-lite,lkilcommons
495,2017-06-21T17:25:38Z,Jupyter Notebook,LGPL-3.0,1.0,3.0,2,2,2.0,2.0,3,False,2019-05-01T23:15:51Z,ovationpyme,lkilcommons
496,2015-05-26T16:16:16Z,TeX,GPL-3.0,22.0,14.0,13,10,17.0,36.0,20,False,2019-03-13T21:14:48Z,batman,lkreidberg
497,2014-09-04T13:25:56Z,Python,GPL-2.0,11.0,223.0,32,4,4.0,14.0,32,False,2019-04-05T10:16:21Z,factor,lofar-astron
498,2015-11-25T14:47:11Z,Python,GPL-3.0,20.0,191.0,39,14,45.0,13.0,45,False,2019-04-23T08:53:12Z,prefactor,lofar-astron
499,,,,,,0,0,,,0,,,idl-low-,low-sky
500,2012-12-23T06:35:33Z,IDL,,0.0,0.0,0,0,0.0,2.0,0,,2018-05-08T04:06:58Z,idl-low-sky,low-sky
501,2017-05-11T15:23:02Z,Python,,0.0,17.0,2,1,5.0,1.0,2,,2017-09-14T10:28:48Z,frodo,lowderchris
502,2013-02-09T16:25:14Z,Python,GPL-2.0,14.0,6.0,6,5,5.0,23.0,9,False,2019-04-18T22:35:34Z,pygcn,lpsinger
503,2015-02-27T15:15:09Z,Python,,8.0,4.0,2,3,5.0,3.0,4,,2018-04-04T22:35:02Z,throughputs,lsst
504,2017-03-24T14:45:04Z,Fortran,,0.0,0.0,0,0,0.0,1.0,0,,2017-07-02T14:31:13Z,ccfpams,lucamalavolta
505,2015-11-19T16:48:25Z,Python,MIT,1.0,0.0,0,1,18.0,7.0,1,False,2019-04-25T05:33:26Z,pyorbit,lucamalavolta
506,2018-06-07T07:45:47Z,C++,GPL-3.0,0.0,0.0,0,0,0.0,3.0,0,False,2018-10-21T18:40:44Z,athena-harp,luminoctum
507,,,,,,0,0,,,0,,,wind,lynnbwilsoniii
508,2016-05-27T12:14:28Z,Prolog,,2.0,0.0,0,0,0.0,7.0,0,,2019-04-16T16:17:49Z,wind_3dp_pros,lynnbwilsoniii
509,2015-08-31T11:05:05Z,Fortran,,6.0,13.0,5,2,2.0,27.0,6,,2019-04-19T09:15:18Z,magic,magic-sph
510,,,,,,0,0,,,0,,,atl,mathewschoﬁeld
511,2018-02-06T17:12:34Z,Jupyter Notebook,,0.0,0.0,0,0,0.0,0.0,0,,2018-04-03T23:08:20Z,ulgrb,matteocantiello
512,,,,,,0,0,,,0,,,amplitude-marginalizer,mattpitkin
513,2015-06-22T11:39:31Z,Python,GPL-3.0,1.0,0.0,0,0,0.0,3.0,0,False,2019-01-08T07:14:58Z,rssmospipeline,mattyowl
514,2017-09-08T23:32:27Z,Python,MIT,13.0,22.0,8,6,31.0,21.0,12,False,2019-05-04T00:03:24Z,cdflib,mavensdc
515,2017-03-28T18:29:04Z,Python,,4.0,0.0,0,2,39.0,3.0,2,,2019-04-16T02:24:25Z,gwemlightcurves,mcoughlin
516,2013-03-22T16:48:02Z,Python,NOASSERTION,0.0,13.0,2,1,1.0,1.0,3,True,2015-09-15T18:27:37Z,mcmac,mctwo
517,2015-05-20T17:18:36Z,Prolog,,0.0,0.0,0,0,0.0,0.0,0,,2017-12-05T04:37:21Z,angular_clustering,mdipompe
518,2015-05-23T02:11:33Z,IDL,,0.0,0.0,0,0,0.0,0.0,0,,2016-06-02T16:31:30Z,camb4idl,mdipompe
519,2015-08-27T01:10:17Z,Prolog,,0.0,0.0,0,0,0.0,0.0,0,,2018-04-11T18:42:47Z,halomasses,mdipompe
520,2015-05-20T17:12:38Z,IDL,,0.0,0.0,0,0,0.0,2.0,0,,2017-12-05T04:37:42Z,lensing_xcorr,mdipompe
521,2014-06-15T21:28:09Z,C,NOASSERTION,2.0,0.0,0,0,0.0,6.0,0,True,2019-05-01T21:29:06Z,eb,mdwarfgeek
522,,,,,,0,0,,,0,,,marsenergybalance,meganmansﬁeld
523,2014-12-03T01:47:53Z,Python,,0.0,0.0,0,0,0.0,0.0,0,,2017-12-21T20:24:51Z,measure_morphology,melaniebeck
524,2016-10-20T18:41:21Z,Python,MIT,1.0,0.0,0,0,0.0,2.0,0,False,2016-10-20T18:41:33Z,pyextinction,mfouesneau
525,2015-02-20T18:04:08Z,Jupyter Notebook,,3.0,1.0,1,1,1.0,1.0,1,,2019-03-05T10:40:08Z,limepy,mgieles
526,2015-12-02T09:01:53Z,Python,GPL-2.0,6.0,2.0,1,3,9.0,4.0,3,False,2019-05-02T08:50:39Z,mypython,mifumagalli
527,2013-01-11T20:14:25Z,IDL,BSD-2-Clause,1.0,40.0,6,6,49.0,4.0,8,False,2019-04-23T22:55:58Z,eppsilon,miguelfmorales
528,,,,,,0,0,,,0,,,fhd,miguelfmorales
529,2015-05-20T18:13:06Z,IDL,MIT,1.0,0.0,0,1,2.0,0.0,1,False,2017-05-26T06:23:39Z,idlnrm,mikeireland
530,2018-05-09T12:15:44Z,Python,GPL-3.0,2.0,1.0,1,1,1.0,2.0,2,False,2019-03-27T17:00:36Z,euclidemulator,miknab
531,,,,,,0,0,,,0,,,milkywayathome_c,milkyway-at-home
532,2015-02-22T21:24:56Z,Python,GPL-2.0,4.0,10.0,3,2,9.0,5.0,4,False,2019-01-16T17:44:40Z,ttvfast-python,mindriot101
533,2016-06-17T18:19:15Z,C++,GPL-3.0,2.0,0.0,0,1,1.0,1.0,1,False,2018-10-16T09:20:23Z,nebular,mischaschirmer
534,,,,,,0,0,,,0,,,digital,mithaystack
535,2012-04-09T22:01:33Z,C++,GPL-2.0,2.0,2.0,2,2,2.0,3.0,3,False,2016-02-18T00:29:09Z,galfast,mjuric
536,2017-12-14T02:07:07Z,Python,BSD-3-Clause,1.0,10.0,1,2,5.0,1.0,2,False,2019-04-25T19:00:21Z,zchecker,mkelley
537,2015-05-29T17:50:31Z,IDL,MIT,0.0,0.0,0,0,0.0,1.0,0,False,2018-02-27T22:13:59Z,hectosky,mkiminki
538,2014-08-14T17:14:40Z,TeX,MIT,1.0,62.0,4,1,2.0,6.0,4,False,2017-11-08T23:54:15Z,thecannon,mkness
539,2014-01-23T09:34:48Z,Python,MIT,0.0,6.0,1,1,4.0,2.0,1,False,2017-06-22T04:24:56Z,psfmc,mmechtley
540,2016-07-25T19:30:10Z,Python,MIT,2.0,2.0,1,0,0.0,3.0,1,False,2017-10-03T22:53:55Z,mapspec,mmfausnaugh
541,,,,,,0,0,,,0,,,make,mockfactory
542,2016-01-06T00:51:15Z,Python,MIT,6.0,6.0,5,3,11.0,22.0,7,False,2018-07-19T19:29:33Z,callhorizons,mommermi
543,2016-03-15T21:31:37Z,Python,GPL-3.0,14.0,17.0,5,6,21.0,20.0,8,False,2019-03-22T23:28:23Z,photometrypipeline,mommermi
544,,,,,,0,0,,,0,,,multiband,mondrik
545,2018-10-13T11:07:06Z,,,0.0,0.0,0,0,0.0,0.0,0,,2018-11-21T10:45:46Z,ldr1-blazars,mooneyse
546,2016-02-14T16:14:26Z,Python,NOASSERTION,4.0,2.0,2,2,2.0,4.0,4,True,2018-10-04T09:28:41Z,the-wizz,morriscb
547,,,,,,0,0,,,0,,,lslga,mostakas
548,,,,,,0,0,,,0,,,mosﬁredrp,mosﬁre-datareductionpipeline
549,2013-10-15T22:31:26Z,IDL,GPL-2.0,7.0,5.0,3,1,2.0,9.0,4,False,2019-04-06T20:17:47Z,impro,moustakas
550,,,,,,0,0,,,0,,,impro;,moustakas
551,2013-01-08T19:11:09Z,,,1.0,0.0,0,0,0.0,0.0,0,,2017-10-09T09:57:07Z,isedfit,moustakas
552,2017-04-21T15:32:39Z,Python,,1.0,0.0,0,0,0.0,1.0,0,,2017-07-24T17:55:34Z,europanoise,mpanning
553,2018-04-09T16:46:53Z,Python,,0.0,0.0,0,0,0.0,0.0,0,,2018-04-10T17:29:33Z,msl-experiment,mpanning
554,2014-06-10T23:00:12Z,C,GPL-3.0,11.0,25.0,7,2,9.0,23.0,8,False,2019-01-08T17:16:32Z,pfft,mpip
555,2014-10-16T00:19:09Z,Python,MIT,1.0,2.0,1,0,0.0,2.0,1,False,2016-08-26T01:08:09Z,bf-rvplotter,mrawls
556,2014-01-24T02:51:19Z,Python,MIT,5.0,5.0,3,4,11.0,11.0,6,False,2018-08-16T18:30:18Z,k2fov,mrtommyb
557,2011-12-21T10:27:33Z,C,NOASSERTION,1.0,20.0,1,0,0.0,6.0,1,True,2015-01-27T12:06:53Z,mechanic,mslonina
558,,,,,,0,0,,,0,,,mechanic;,mslonina
559,,,,,,0,0,,,0,,,frequencyoptimizer5,mtlam
560,2015-06-15T02:10:21Z,Python,NOASSERTION,5.0,2.0,1,2,4.0,6.0,3,True,2019-05-01T23:05:45Z,pypulse,mtlam
561,2018-03-13T23:18:12Z,Python,,0.0,0.0,0,0,0.0,0.0,0,,2018-03-27T19:38:24Z,cfht-microlensing,mtpenny
562,2018-06-29T01:19:04Z,Python,,0.0,0.0,0,0,0.0,0.0,0,,2019-02-26T15:13:08Z,wfirst-ml-figures,mtpenny
563,,,,,,0,0,,,0,,,ttcal,mweastwood
564,2017-10-06T22:15:13Z,Python,MIT,1.0,25.0,4,0,0.0,11.0,4,False,2019-04-18T21:15:32Z,serval,mzechmeister
565,2017-12-20T14:31:42Z,Jupyter Notebook,,4.0,0.0,0,2,4.0,2.0,2,,2019-04-26T00:02:14Z,11yr_stochastic_analysis,nanograv
566,2017-01-17T19:57:47Z,Python,MIT,11.0,42.0,12,9,139.0,10.0,16,False,2019-04-24T19:55:47Z,enterprise,nanograv
567,,,,,,0,0,,,0,,,enterprise:,nanograv
568,2013-12-04T22:21:19Z,Python,NOASSERTION,46.0,195.0,30,21,279.0,40.0,37,True,2019-04-11T16:29:04Z,pint,nanograv
569,2015-07-21T14:34:55Z,Fortran,,6.0,0.0,0,1,1.0,2.0,1,,2018-09-27T17:31:50Z,tempo,nanograv
570,,,,,,0,0,,,0,,,selfie,narulanantham
571,,,,,,0,0,,,0,,,cmb,nasa-lambda
572,2017-07-29T01:14:26Z,C,NOASSERTION,15.0,1.0,1,0,0.0,63.0,1,True,2019-02-08T01:10:33Z,kepler-pipeline,nasa
573,2017-04-13T00:35:38Z,C++,,7.0,0.0,0,3,3.0,12.0,3,,2019-03-12T02:23:03Z,kepler-robovetter,nasa
574,2017-05-17T23:03:20Z,Python,NOASSERTION,5.0,0.0,0,1,1.0,5.0,1,True,2017-07-25T13:54:53Z,keplerports,nasa
575,2018-05-16T19:58:47Z,Python,MIT,0.0,0.0,0,0,0.0,1.0,0,False,2018-12-06T21:44:02Z,color-color,natashabatalha
576,2016-09-02T16:17:25Z,HTML,GPL-3.0,20.0,5.0,4,7,19.0,9.0,9,False,2019-04-24T22:39:32Z,pandexo,natashabatalha
577,2016-01-08T22:15:11Z,Python,MIT,0.0,0.0,0,0,0.0,0.0,0,False,2016-02-09T18:43:05Z,pychimera,navtejsingh
578,2015-09-18T14:05:44Z,Fortran,,4.0,2.0,1,1,1.0,7.0,1,,2018-09-24T13:15:15Z,nbody6,nbodyx
579,2013-09-06T01:05:39Z,Python,,3.0,2.0,2,0,0.0,2.0,2,,2019-02-28T19:13:18Z,aphot,ndaniyar
580,2015-12-10T16:52:39Z,Python,,0.0,0.0,0,0,0.0,0.0,0,,2015-12-26T19:48:42Z,ao-reduction,nespinoza
581,2015-11-14T19:28:07Z,Python,MIT,12.0,3.0,3,1,1.0,15.0,4,False,2018-12-31T16:07:00Z,exonailer,nespinoza
582,2016-04-19T18:02:48Z,Python,,1.0,1.0,1,1,1.0,3.0,2,,2018-01-19T15:30:47Z,lcogtdd,nespinoza
583,2016-03-22T00:09:17Z,Python,,0.0,0.0,0,0,0.0,0.0,0,,2018-05-18T09:17:37Z,luckyimg-reduction,nespinoza
584,2018-02-01T12:00:04Z,Python,,3.0,0.0,0,0,0.0,2.0,0,,2018-10-16T10:32:36Z,spotnest,nespinoza
585,,,,,,0,0,,,0,,,ﬂicker-noise,nespinoza
586,2014-09-11T01:56:20Z,Python,NOASSERTION,2.0,0.0,0,1,1.0,4.0,1,True,2016-01-28T19:58:02Z,lmfit-py,newville
587,2013-03-11T20:52:34Z,Python,,0.0,0.0,0,0,0.0,1.0,0,,2016-08-03T01:08:38Z,hires,nhmc
588,2011-08-09T16:09:24Z,C,LGPL-3.0,0.0,1.0,1,0,0.0,3.0,1,False,2018-11-02T16:19:57Z,cparamlib,niklask
589,2013-12-27T04:50:28Z,Python,MIT,4.0,22.0,4,4,7.0,6.0,6,False,2019-04-26T16:55:15Z,prisim,nithyanandan
590,2017-02-27T08:48:57Z,Python,,0.0,1.0,1,0,0.0,3.0,1,,2017-11-03T06:17:17Z,emupy,nkern
591,2016-04-22T02:55:19Z,Python,NOASSERTION,0.0,0.0,0,0,0.0,0.0,0,True,2017-09-06T08:43:35Z,pycape,nkern
592,2015-05-07T05:46:09Z,Python,,0.0,0.0,0,0,0.0,0.0,0,,2015-05-07T06:23:08Z,resmap,norabolig
593,2018-10-22T18:48:46Z,MATLAB,,0.0,0.0,0,0,0.0,0.0,0,,2018-10-26T20:28:06Z,ammonia-water-ice-shell-,nphammon
594,2015-02-23T19:40:58Z,Fortran,NOASSERTION,0.0,0.0,0,0,0.0,0.0,0,True,2015-02-23T19:45:27Z,unipops,nrao
595,,,,,,0,0,,,0,,,planetary-code-,nschorgh
596,2015-07-23T17:24:59Z,Fortran,GPL-2.0,2.0,0.0,0,0,0.0,2.0,0,False,2015-07-27T19:14:37Z,sterile-dm,ntveem
597,2016-02-09T09:06:10Z,Jupyter Notebook,BSD-3-Clause,8.0,4.0,3,5,16.0,11.0,6,False,2019-04-06T23:16:08Z,nupycee,nugrid
598,2013-07-09T17:40:51Z,Python,MIT,1.0,1.0,1,1,1.0,5.0,2,False,2017-04-21T02:11:34Z,ufcorin,nushio3
599,2014-08-07T21:31:06Z,IDL,,3.0,5.0,2,1,17.0,2.0,2,,2016-10-25T18:15:17Z,nustar-idl,nustar
600,2014-05-30T21:30:18Z,Fortran,MIT,2.0,0.0,0,1,6.0,5.0,1,False,2018-06-15T07:03:42Z,dstar,nworbde
601,2015-05-20T18:43:54Z,TeX,MIT,8.0,2.0,2,2,20.0,6.0,4,False,2018-07-18T16:03:45Z,pymcz,nyusngroup
602,2016-06-09T17:18:24Z,OpenEdge ABL,MIT,1.0,33.0,3,0,0.0,0.0,3,False,2018-03-02T19:25:42Z,sesnspectralib,nyusngroup
603,2016-06-09T17:18:57Z,,MIT,5.0,15.0,3,1,1.0,3.0,4,False,2019-04-05T18:42:50Z,sesntemple,nyusngroup
604,,,,,,0,0,,,0,,,sesntemples,nyusngroup
605,2013-05-27T04:46:39Z,C++,GPL-3.0,4.0,3.0,2,1,1.0,4.0,3,False,2019-04-25T09:05:11Z,comptonsoft,odakahirokazu
606,,,,,,0,0,,,0,,,index,odeint-v2
607,2013-07-18T14:39:58Z,Python,MIT,137.0,64.0,47,28,37.0,1446.0,68,False,2019-01-31T16:40:48Z,prettyplotlib,olgabot
608,2015-06-15T22:44:25Z,Fortran,GPL-3.0,19.0,27.0,9,8,65.0,12.0,12,False,2019-04-29T08:39:18Z,oorb,oorb
609,2017-02-10T14:26:30Z,Fortran,GPL-3.0,0.0,0.0,0,0,0.0,5.0,0,False,2018-06-15T22:08:51Z,exotrending,oscaribv
610,2012-03-16T00:24:10Z,C,,1.0,3.0,3,1,1.0,8.0,3,,2019-04-24T21:57:53Z,liborbfit,ossos
611,,,,,,0,0,,,0,,,liborbﬁt,ossos
612,2014-05-29T16:11:49Z,Fortran,NOASSERTION,2.0,0.0,0,1,2.0,4.0,1,True,2018-11-27T16:12:55Z,surveysimulator,ossos
613,2017-08-30T12:10:43Z,Python,MIT,1.0,2.0,1,1,8.0,3.0,2,False,2018-09-29T12:24:34Z,pyspt,owertz
614,2016-01-29T11:19:16Z,Jupyter Notebook,GPL-3.0,9.0,19.0,9,2,2.0,11.0,11,False,2019-05-02T21:39:25Z,k2sc,oxes
615,,,,,,0,0,,,0,,,radiowinds;,oﬁonnad
616,2017-12-18T04:07:19Z,Python,MIT,0.0,0.0,0,0,0.0,1.0,0,False,2018-09-25T16:25:18Z,ffd,parkus
617,2018-05-10T00:12:53Z,Python,MIT,0.0,0.0,0,0,0.0,1.0,0,False,2018-09-24T16:28:48Z,flaiil,parkus
618,2015-07-09T19:48:38Z,Python,MIT,1.0,1.0,1,0,0.0,0.0,1,False,2017-06-14T13:25:12Z,scicatalog,parkus
619,2014-07-21T04:34:04Z,Python,AFL-3.0,7.0,62.0,12,3,24.0,26.0,13,False,2019-04-03T08:52:17Z,aegean,paulhancock
620,2015-12-17T16:52:45Z,C++,GPL-3.0,2.0,4.0,2,1,1.0,3.0,3,False,2019-04-08T09:50:54Z,galpot,paulmcmillan-astro
621,2018-03-01T18:46:21Z,Python,GPL-3.0,0.0,0.0,0,0,0.0,0.0,0,False,2018-08-21T15:34:37Z,mf3d,pavesiriccardo
622,2018-04-13T22:44:42Z,Jupyter Notebook,,2.0,0.0,0,0,0.0,1.0,0,,2018-04-18T15:36:30Z,made,payeldas
623,,,,,,0,0,,,0,,,oiﬁts,pboley
624,2016-02-16T11:15:55Z,TeX,CC0-1.0,3.0,0.0,0,0,0.0,3.0,0,False,2018-12-11T23:06:56Z,apjtemplate,pcubillos
625,,,,,,0,0,,,0,,,cubillosetal2017,pcubillos
626,2017-08-14T08:42:05Z,Python,,0.0,0.0,0,0,0.0,0.0,0,,2018-06-14T13:28:00Z,kilpatricketal2018_wasp63b,pcubillos
627,2014-03-27T19:08:31Z,Python,MIT,6.0,23.0,3,5,87.0,14.0,6,False,2019-03-05T02:27:15Z,mccubed,pcubillos
628,,,,,,0,0,,,0,,,pyratbay,pcubillos
629,2018-08-25T13:41:51Z,Python,MIT,0.0,0.0,0,1,4.0,2.0,1,False,2019-01-15T23:02:56Z,rate,pcubillos
630,,,,,,0,0,,,0,,,transit,pdalba
631,2013-10-01T14:52:42Z,,,0.0,0.0,0,0,0.0,0.0,0,,2013-10-02T10:54:05Z,nmf_software,pdh21
632,2017-06-28T18:10:33Z,Python,GPL-3.0,3.0,0.0,0,0,0.0,8.0,0,False,2019-01-02T04:22:52Z,signal-alignment,pearsonkyle
633,2012-07-13T00:13:59Z,Python,,2.0,1.0,1,1,2.0,3.0,2,,2017-12-20T23:47:39Z,ffa,petigura
634,2015-05-05T22:16:31Z,Python,,2.0,1.0,1,2,8.0,3.0,2,,2019-02-21T20:25:23Z,k2phot,petigura
635,2016-05-23T22:11:55Z,Python,,0.0,1.0,1,2,6.0,1.0,3,,2019-04-30T16:28:28Z,specmatch-syn,petigura
636,2015-02-18T01:48:07Z,Python,,4.0,1.0,1,1,1.0,3.0,2,,2017-10-07T18:37:56Z,terra,petigura
637,2013-09-17T17:36:44Z,Python,NOASSERTION,349.0,331.0,236,93,236.0,1511.0,300,True,2019-04-16T01:14:43Z,pexpect,pexpect
638,2018-01-29T01:04:53Z,C,,0.0,0.0,0,0,0.0,0.0,0,,2018-02-18T15:13:39Z,athena-cversion,pgrete
639,2017-03-06T21:54:50Z,Python,GPL-3.0,0.0,0.0,0,0,0.0,0.0,0,False,2017-03-11T00:41:27Z,pinky,pgromano
640,2017-09-08T22:27:41Z,Jupyter Notebook,MIT,1.0,1.0,1,0,0.0,0.0,1,False,2019-01-05T21:08:17Z,heat1d,phayne
641,2016-04-04T22:49:48Z,Go,MIT,2.0,141.0,2,1,23.0,6.0,2,False,2018-03-30T21:04:13Z,shellfish,phil-mansfield
642,2017-01-11T13:15:08Z,R,MIT,1.0,0.0,0,0,0.0,4.0,0,False,2018-03-31T21:14:46Z,agatha,phillippro
643,2010-09-01T06:10:52Z,C,NOASSERTION,2.0,4.0,2,1,1.0,10.0,2,True,2016-04-06T10:01:04Z,pytpm,phn
644,2016-12-13T15:29:09Z,C,NOASSERTION,2.0,0.0,0,0,0.0,4.0,0,True,2019-03-15T10:55:21Z,pinocchio,pigimonaco
645,2016-06-11T11:41:49Z,CSS,,1.0,3.0,3,0,0.0,0.0,3,,2016-06-11T16:18:02Z,mcmc-reporting,pkgw
646,2014-05-17T20:15:04Z,Python,MIT,6.0,9.0,4,1,2.0,9.0,4,False,2019-04-19T19:52:25Z,pwkit,pkgw
647,2012-04-03T19:03:00Z,Python,,5.0,1.0,1,1,1.0,3.0,2,,2015-05-08T12:39:27Z,pwpy,pkgw
648,,,,,,0,0,,,0,,,coast,plazar
649,,,,,,0,0,,,0,,,pipeline2,plazar
650,2016-03-14T05:17:51Z,Python,MIT,4.0,14.0,6,3,9.0,17.0,7,False,2019-05-03T21:19:18Z,skymapper,pmelchior
651,2016-07-11T15:15:34Z,Python,MIT,0.0,1.0,1,0,0.0,0.0,1,False,2019-01-04T17:22:29Z,clee-fast,pqrs6
652,2017-02-28T03:16:59Z,IDL,NOASSERTION,1.0,1.0,1,2,5.0,3.0,2,True,2019-05-01T01:45:23Z,xidl,profxj
653,2014-09-11T14:54:52Z,Python,MIT,12.0,1.0,1,1,1.0,13.0,1,False,2017-05-23T14:40:33Z,sunpy,ptorrey
654,2015-06-05T13:22:33Z,Python,GPL-2.0,0.0,0.0,0,0,0.0,0.0,0,False,2017-02-23T15:18:58Z,torrey_cmf,ptorrey
655,2017-06-08T21:04:13Z,Tea,GPL-3.0,2.0,0.0,0,0,0.0,4.0,0,False,2019-05-03T15:13:58Z,ggchem,pw31
656,2015-07-05T19:46:48Z,C++,NOASSERTION,634.0,1037.0,508,202,742.0,5092.0,593,True,2019-05-03T12:32:29Z,pybind11,pybind
657,2018-01-28T13:31:26Z,Python,GPL-3.0,0.0,0.0,0,0,0.0,0.0,0,False,2019-04-19T11:04:31Z,asda,pydl
658,2017-12-07T16:57:31Z,C,GPL-2.0,0.0,0.0,0,0,0.0,0.0,0,False,2018-09-19T16:29:19Z,pyflct,pydl
659,2015-12-04T16:59:02Z,Python,,8.0,35.0,10,8,177.0,10.0,14,,2019-04-25T22:11:11Z,pyigm,pyigm
660,2015-02-20T17:12:00Z,Fortran,AFL-3.0,210.0,143.0,104,15,50.0,818.0,111,False,2019-02-22T15:29:34Z,pymc,pymc-devs
661,2013-05-14T15:46:59Z,Python,,53.0,337.0,80,28,184.0,79.0,90,,2019-05-03T16:05:34Z,pynbody,pynbody
662,,,,,,0,0,,,0,,,pynbody;,pynbody
663,2016-11-11T19:12:55Z,Python,BSD-2-Clause,0.0,1.0,1,2,7.0,1.0,3,False,2019-02-25T19:00:34Z,cos_redux,pypit
664,2012-08-08T18:22:58Z,JavaScript,,0.0,12.0,1,0,0.0,4.0,1,,2012-12-01T14:21:17Z,pypit,pypit
665,2012-10-07T22:12:19Z,Python,MIT,55.0,88.0,33,17,218.0,57.0,37,False,2019-03-21T23:31:12Z,pyspeckit,pyspeckit
666,2017-10-17T11:55:15Z,R,GPL-3.0,0.0,0.0,0,0,0.0,1.0,0,False,2017-10-17T12:19:38Z,skewt-qso,qian-yang
667,2013-03-28T16:34:13Z,Python,,1.0,0.0,0,0,0.0,1.0,0,,2016-04-16T18:47:01Z,lssode,qiqi
668,2013-03-19T15:00:52Z,Python,,6.0,13.0,9,2,6.0,12.0,9,,2015-04-27T11:43:50Z,casa-python,radio-astro-tools
669,2014-04-14T15:33:50Z,Python,BSD-3-Clause,34.0,174.0,34,24,378.0,40.0,43,False,2019-04-30T16:33:51Z,spectral-cube,radio-astro-tools
670,2015-03-16T17:38:53Z,C,GPL-3.0,8.0,11.0,4,6,43.0,17.0,9,False,2019-04-18T01:19:21Z,fastpm,rainwoodman
671,,,,,,0,0,,,0,,,mp-gadget,rainwoodman
672,2015-05-07T23:28:51Z,Shell,NOASSERTION,4.0,3.0,3,0,0.0,17.0,3,True,2019-01-03T22:50:56Z,python-mpi-bcast,rainwoodman
673,2016-08-05T01:11:17Z,Python,BSD-2-Clause,2.0,13.0,4,3,10.0,4.0,4,False,2019-02-27T17:41:56Z,runtests,rainwoodman
674,2018-05-31T11:14:22Z,Python,MIT,0.0,0.0,0,0,0.0,0.0,0,False,2018-09-13T14:13:58Z,quicfit,rameyer
675,2014-12-03T15:33:38Z,Python,GPL-2.0,1.0,0.0,0,0,0.0,1.0,0,False,2015-04-01T13:32:26Z,gaz,rbrthogan
676,2015-06-04T15:10:52Z,Python,GPL-3.0,4.0,5.0,2,3,11.0,6.0,4,False,2019-04-29T11:06:22Z,alis,rcooke-ast
677,2016-06-09T12:06:59Z,TeX,NOASSERTION,3.0,0.0,0,0,0.0,1.0,0,True,2016-06-22T15:18:41Z,black-hole-mass-compilation,remcovandenbosch
678,2013-05-28T14:41:54Z,Python,GPL-3.0,13.0,60.0,19,11,30.0,8.0,20,False,2019-04-30T16:36:08Z,losoto,revoltek
679,2016-01-26T16:05:57Z,IDL,,0.0,0.0,0,0,0.0,0.0,0,,2016-03-03T23:28:09Z,hsred,richardjcool
680,2017-12-24T09:38:00Z,Python,MIT,2.0,5.0,2,2,2.0,3.0,4,False,2019-03-01T20:30:34Z,eddy,richteague
681,,,,,,0,0,,,0,,,gp_,rmgarnett
682,2016-10-02T23:17:21Z,Python,MIT,2.0,0.0,0,1,2.0,1.0,1,False,2018-12-17T19:47:31Z,gp_dla_detection,rmgarnett
683,2014-07-22T19:19:26Z,Python,NOASSERTION,14.0,76.0,37,3,10.0,39.0,37,True,2019-04-20T04:34:34Z,treecorr,rmjarvis
684,2018-07-10T10:02:12Z,Prolog,GPL-3.0,0.0,0.0,0,0,0.0,3.0,0,False,2019-01-07T21:53:54Z,sauces,rmroettenbacher
685,2015-04-16T19:01:32Z,Python,BSD-3-Clause,0.0,3.0,1,0,0.0,0.0,1,False,2018-07-28T03:10:43Z,ndiminterpolation,rnikutta
686,2015-04-24T20:16:40Z,Jupyter Notebook,BSD-3-Clause,0.0,3.0,1,0,0.0,0.0,1,False,2017-01-04T23:24:34Z,rhocube,rnikutta
687,2016-10-11T20:00:40Z,Python,BSD-3-Clause,0.0,0.0,0,0,0.0,0.0,0,False,2016-11-18T16:06:27Z,s61-supplements,rnikutta
688,2016-04-19T16:59:59Z,Python,MIT,4.0,5.0,5,2,10.0,27.0,6,False,2019-01-04T21:21:43Z,everest,rodluger
689,2016-09-20T14:15:28Z,TeX,MIT,0.0,0.0,0,2,7.0,0.0,2,False,2017-02-13T18:04:01Z,exoaurora,rodluger
690,2017-05-09T23:33:16Z,Python,GPL-3.0,0.0,50.0,3,3,25.0,26.0,4,False,2018-04-04T22:59:13Z,planetplanet,rodluger
691,2015-05-29T03:16:52Z,C,MIT,4.0,1.0,1,2,3.0,6.0,3,False,2018-11-18T06:35:13Z,pysyzygy,rodluger
692,2018-02-07T13:54:20Z,C++,GPL-3.0,10.0,124.0,5,7,74.0,56.0,9,False,2019-05-02T19:03:01Z,starry,rodluger
693,2016-08-27T02:19:23Z,Python,MIT,2.0,3.0,2,0,0.0,7.0,2,False,2019-04-27T18:13:59Z,mulensmodel,rpoleski
694,2014-05-15T00:17:07Z,Jupyter Notebook,MIT,5.0,5.0,5,1,1.0,27.0,6,False,2018-07-06T20:52:48Z,bces,rsnemmen
695,2015-04-05T18:04:29Z,Python,BSD-3-Clause,15.0,101.0,5,10,115.0,30.0,10,False,2019-05-02T03:05:57Z,pysat,rstoneback
696,2016-02-15T15:23:16Z,C,BSD-3-Clause,5.0,5.0,5,3,7.0,8.0,8,False,2019-02-20T20:59:36Z,pysatcdf,rstoneback
697,2018-06-21T20:49:03Z,Python,BSD-3-Clause,2.0,1.0,1,2,14.0,0.0,3,False,2019-02-22T02:46:18Z,pysatmagvect,rstoneback
698,2018-05-16T16:08:48Z,Python,,0.0,0.0,0,0,0.0,1.0,0,,2018-06-28T23:12:49Z,icacti,rstrausb
699,2017-11-27T09:55:26Z,Python,,3.0,2.0,2,0,0.0,11.0,2,,2018-11-23T05:47:07Z,artip,rtip
700,2013-07-19T03:50:41Z,Python,GPL-2.0,1.0,1.0,1,0,0.0,3.0,1,False,2019-02-18T03:23:43Z,clustep,ruggiero
701,2017-10-03T20:30:46Z,C,MIT,5.0,3.0,2,2,3.0,3.0,3,False,2019-02-14T22:08:53Z,dia,ryanoelkers
702,2015-11-01T13:40:51Z,C++,,2.0,7.0,2,0,0.0,3.0,2,,2015-11-01T13:43:23Z,astro-stomp,ryanscranton
703,2018-05-03T05:23:14Z,Jupyter Notebook,,0.0,0.0,0,0,0.0,0.0,0,,2019-03-04T13:46:21Z,errorprediction,saint-germain
704,2012-05-01T18:24:57Z,Fortran,,16.0,2.0,2,4,4.0,7.0,6,,2019-01-16T13:28:40Z,psrpoppy,samb8s
705,2016-07-17T23:01:21Z,Python,MIT,8.0,63.0,24,5,7.0,27.0,27,False,2018-10-16T00:48:17Z,chainconsumer,samreay
706,2014-03-02T06:27:43Z,JavaScript,,5.0,126.0,11,2,24.0,8.0,11,,2017-01-10T00:01:42Z,marz,samreay
707,2016-03-28T17:52:22Z,Python,,3.0,19.0,5,4,18.0,2.0,8,,2019-03-16T02:52:58Z,specmatch-emp,samuelyeewl
708,2014-12-11T14:28:00Z,C,MIT,0.0,6.0,1,2,6.0,2.0,2,False,2015-06-18T12:20:44Z,halogen,savila
709,2016-05-16T17:53:54Z,Python,GPL-3.0,1.0,0.0,0,0,0.0,3.0,0,False,2018-02-02T21:17:16Z,ndpredict,sawellons
710,2012-03-22T04:32:44Z,Python,NOASSERTION,20.0,5.0,4,0,0.0,48.0,4,True,2016-12-01T20:23:14Z,empca,sbailey
711,2014-05-02T17:52:46Z,Python,,0.0,0.0,0,0,0.0,1.0,0,,2017-10-10T13:23:50Z,cloudy_tables,sbird
712,2012-09-21T19:41:13Z,Python,,3.0,0.0,0,2,3.0,0.0,2,,2016-04-02T22:30:18Z,dla_script,sbird
713,2014-07-06T18:44:49Z,C++,MIT,10.0,11.0,4,6,10.0,3.0,7,False,2019-04-26T06:50:30Z,fake_spectra,sbird
714,2017-03-03T20:43:52Z,TeX,,1.0,0.0,0,0,0.0,0.0,0,,2018-09-02T19:51:22Z,hybrid-neutrino,sbird
715,2016-01-05T22:01:31Z,C,,1.0,0.0,0,1,1.0,1.0,1,,2018-02-21T16:11:29Z,kspace-neutrinos,sbird
716,2014-03-07T19:19:58Z,Python,NOASSERTION,4.0,0.0,0,2,3.0,5.0,2,True,2015-08-10T14:51:38Z,uvmcmcfit,sbussmann
717,,,,,,0,0,,,0,,,uvmcmcﬁt,sbussmann
718,2009-09-29T21:35:23Z,C,NOASSERTION,86.0,27.0,17,18,70.0,79.0,31,True,2019-04-08T19:10:19Z,presto,scottransom
719,,,,,,0,0,,,0,,,psrﬁts,scottransom
720,2013-02-05T15:21:35Z,Python,,18.0,25.0,14,7,19.0,64.0,18,,2019-04-02T13:42:29Z,pyastronomy,sczesla
721,,,,,,0,0,,,0,,,files,sdb05c
722,2016-10-20T20:30:15Z,Python,BSD-3-Clause,10.0,578.0,36,6,80.0,26.0,38,False,2019-05-02T19:42:26Z,marvin,sdss
723,2014-08-13T11:09:22Z,IDL,,0.0,0.0,0,0,0.0,0.0,0,,2014-09-25T09:01:33Z,sara,seanslindsay
724,2016-05-19T14:38:19Z,HTML,GPL-3.0,1.0,0.0,0,0,0.0,1.0,0,False,2019-04-25T15:35:32Z,gravray,seap-udea
725,2015-12-07T23:48:57Z,Python,BSD-3-Clause,1.0,0.0,0,0,0.0,1.0,0,False,2018-12-18T21:18:26Z,centerradon,seawander
726,2017-06-26T13:04:00Z,Python,BSD-3-Clause,0.0,0.0,0,0,0.0,1.0,0,False,2019-04-23T21:35:33Z,nmf_imaging,seawander
727,2015-10-27T12:57:59Z,Python,NOASSERTION,0.0,0.0,0,1,1.0,2.0,1,True,2015-10-28T09:42:12Z,surprise,seeh
728,2017-10-04T13:50:14Z,Fortran,MIT,0.0,0.0,0,0,0.0,1.0,0,False,2018-03-05T14:28:50Z,poweri4,sefusatti
729,2015-10-08T13:13:10Z,Python,GPL-3.0,8.0,5.0,2,0,0.0,7.0,2,False,2019-04-12T23:51:26Z,astrolibpy,segasai
730,2012-02-29T20:55:57Z,Shell,GPL-3.0,2.0,1.0,1,0,0.0,4.0,1,False,2015-08-12T19:31:27Z,allphot,sfabbro
731,2017-02-02T22:01:06Z,Python,MIT,10.0,25.0,4,4,46.0,21.0,7,False,2019-04-24T15:10:39Z,lenstronomy,sibirrer
732,2018-01-13T22:20:50Z,Jupyter Notebook,MIT,4.0,1.0,1,0,0.0,9.0,1,False,2019-04-13T19:01:28Z,lenstronomy_extensions,sibirrer
733,2015-03-27T16:48:10Z,C++,MIT,2.0,4.0,2,1,2.0,9.0,2,False,2019-04-25T06:15:47Z,pyfof,simongibbons
734,2009-01-12T23:22:54Z,C,,9.0,1.0,1,2,3.0,11.0,3,,2018-11-21T14:34:20Z,sigproc,sixbynine
735,,,,,,0,0,,,0,,,jplots,sjaﬀa
736,2016-05-16T16:13:27Z,Python,NOASSERTION,8.0,2.0,2,0,0.0,30.0,2,True,2018-11-07T18:31:53Z,skdaccess,skdaccess
737,2014-06-26T15:29:55Z,Python,AGPL-3.0,2.0,0.0,0,1,1.0,11.0,1,False,2019-04-26T11:41:49Z,pts,skirt
738,,,,,,0,0,,,0,,,skirt,skirt
739,2015-04-15T18:57:27Z,Python,,1.0,0.0,0,1,3.0,0.0,1,,2015-08-18T14:10:35Z,andicam,smartsconsortium
740,2017-10-19T01:19:29Z,,,0.0,0.0,0,0,0.0,0.0,0,,2018-01-24T00:52:11Z,gj876,smillholland
741,,,,,,0,0,,,0,,,kepler,smillholland
742,2012-05-01T11:51:49Z,Fortran,,11.0,6.0,5,4,10.0,27.0,8,,2019-03-14T22:21:40Z,mercury,smirik
743,2012-11-29T22:22:17Z,Python,BSD-3-Clause,40.0,133.0,38,18,101.0,34.0,45,False,2019-02-18T15:23:32Z,sncosmo,sncosmo
744,2015-01-15T19:35:15Z,Go,,1.0,6.0,1,0,0.0,0.0,1,,2018-03-04T19:26:33Z,digest2,soniakeys
745,,,,,,0,0,,,0,,,moswoc-ﬂare-veriﬁcation;,sophiemurray
746,2018-02-23T16:19:44Z,Python,,6.0,0.0,0,1,5.0,9.0,1,,2018-10-10T08:34:05Z,psfgan,spaceml
747,2012-10-28T21:06:48Z,Fortran,NOASSERTION,14.0,81.0,12,6,46.0,35.0,14,True,2019-04-25T18:08:26Z,spacepy,spacepy
748,2015-01-13T20:16:16Z,Python,,23.0,64.0,16,17,153.0,11.0,23,,2019-04-30T14:45:38Z,gwcs,spacetelescope
749,2018-01-17T14:29:56Z,Jupyter Notebook,,3.0,3.0,2,2,2.0,7.0,4,,2018-10-08T15:09:12Z,mast-api-notebooks,spacetelescope
750,2016-02-23T17:34:07Z,Python,BSD-3-Clause,14.0,65.0,26,8,47.0,13.0,30,False,2019-02-13T16:57:36Z,pysynphot,spacetelescope
751,2016-09-19T22:25:58Z,Python,GPL-3.0,3.0,9.0,6,3,65.0,5.0,6,False,2019-03-08T18:14:28Z,specdb,specdb
752,2014-04-22T15:56:14Z,Python,MIT,0.0,0.0,0,0,0.0,1.0,0,False,2015-10-01T18:02:31Z,hstsntools,srodney
753,2014-03-17T18:27:51Z,Fortran,,3.0,1.0,1,3,5.0,2.0,3,,2018-04-25T15:41:51Z,sndrizpipe,srodney
754,2015-09-23T13:29:15Z,Jupyter Notebook,,1.0,0.0,0,0,0.0,1.0,0,,2017-03-24T12:51:26Z,wfirst,srodney
755,2013-02-06T03:25:04Z,Stan,BSD-3-Clause,266.0,1542.0,198,78,1202.0,1557.0,227,False,2019-05-03T17:57:11Z,stan,stan-dev
756,2016-01-19T19:32:42Z,Python,MIT,0.0,1.0,1,0,0.0,5.0,1,False,2019-01-08T17:22:47Z,caapr,stargrazer82301
757,2012-07-24T18:15:25Z,Fortran,,17.0,55.0,17,6,9.0,55.0,19,,2019-05-03T10:57:47Z,starlink,starlink
758,2013-12-18T17:46:05Z,C,GPL-3.0,18.0,33.0,25,3,3.0,48.0,28,False,2015-11-30T23:57:38Z,systemic2,stefano-meschiari
759,2015-08-16T23:13:33Z,Shell,MIT,0.0,0.0,0,0,0.0,1.0,0,False,2016-02-22T20:02:54Z,k2phot,stephtdouglas
760,2015-06-30T13:32:59Z,Python,MIT,0.0,0.0,0,1,1.0,0.0,1,False,2018-04-18T16:04:46Z,k2spin,stephtdouglas
761,2013-04-08T03:54:22Z,Python,NOASSERTION,18.0,40.0,13,2,2.0,27.0,15,True,2019-04-30T00:24:15Z,hmf,steven-murray
762,2014-10-31T23:06:23Z,Jupyter Notebook,MIT,4.0,0.0,0,1,1.0,5.0,1,False,2017-11-16T23:47:01Z,nx01,stevertaylor
763,2015-09-30T18:04:33Z,Jupyter Notebook,MIT,72.0,136.0,30,33,261.0,69.0,44,False,2019-05-03T12:31:07Z,stingray,stingraysoftware
764,2018-07-13T21:08:46Z,Fortran,,0.0,0.0,0,0,0.0,0.0,0,,2019-04-27T03:14:09Z,exocam,storyofthewolf
765,2015-04-27T12:01:36Z,Python,,0.0,0.0,0,0,0.0,0.0,0,,2015-04-27T13:31:32Z,lsr1835,stuartlittlefair
766,2013-06-25T08:14:48Z,JavaScript,NOASSERTION,163.0,70.0,60,52,66.0,3597.0,105,True,2019-01-09T13:49:24Z,minimist,substack
767,2016-12-29T01:49:08Z,Python,NOASSERTION,0.0,0.0,0,0,0.0,1.0,0,True,2018-03-06T23:19:57Z,ranjanwordsworthsasselov2017b,sukritranjan
768,2015-11-13T00:39:46Z,Python,,0.0,1.0,1,0,0.0,4.0,1,,2016-01-23T11:30:14Z,savitzky_golay_with_errors,surhudm
769,2014-09-28T05:05:56Z,Python,MIT,5.0,0.0,0,3,4.0,2.0,3,False,2019-03-20T00:28:12Z,floyds_pipeline,svalenti
770,2014-11-09T09:30:41Z,Python,MIT,3.0,48.0,10,0,0.0,3.0,10,False,2017-11-28T06:46:56Z,pessto,svalenti
771,2016-08-05T00:46:42Z,Python,GPL-2.0,0.0,0.0,0,0,0.0,1.0,0,False,2017-12-01T01:17:11Z,pygcn,svasyly
772,2016-06-16T14:40:47Z,R,NOASSERTION,0.0,0.0,0,0,0.0,2.0,0,True,2018-04-04T14:21:34Z,sour,svdataman
773,,,,,,0,0,,,0,,,mcfost-,swolﬀ9
774,,,,,,0,0,,,0,,,mcfost-python,swolﬀ9
775,2012-09-07T15:10:45Z,Python,BSD-2-Clause,0.0,0.0,0,0,0.0,1.0,0,False,2013-04-15T14:36:06Z,acorns-adi,t-brandt
776,2012-02-21T23:01:26Z,Python,BSD-2-Clause,0.0,1.0,1,0,0.0,2.0,1,False,2015-01-08T03:16:43Z,datastack,taldcroft
777,,,,,,0,0,,,0,,,dip,tatome
778,2016-08-08T16:48:32Z,Python,MIT,0.0,3.0,1,0,0.0,0.0,1,False,2017-06-29T17:05:51Z,farvae,tboudreaux
779,2015-05-26T17:14:48Z,sed,,9.0,2.0,2,3,6.0,12.0,4,,2018-08-31T17:55:18Z,lenspop,tcollett
780,2018-08-02T14:33:56Z,,,0.0,0.0,0,0,0.0,0.0,0,,2019-02-28T01:49:23Z,gc_profiles,tdboer
781,2017-01-30T22:12:48Z,Fortran,GPL-3.0,0.0,0.0,0,0,0.0,0.0,0,False,2017-02-02T18:54:03Z,scatran,tdrobinson
782,2017-06-12T20:17:59Z,Fortran,MIT,5.0,9.0,4,2,2.0,1.0,5,False,2018-05-31T14:00:30Z,tvguide,tessgi
783,2015-03-03T02:07:20Z,Python,MIT,19.0,55.0,8,7,25.0,26.0,13,False,2019-02-06T21:47:34Z,pydis,theastrofactory
784,,,,,,0,0,,,0,,,mosfiredrp_,themiyan
785,,,,,,0,0,,,0,,,zﬁre,themiyan
786,2015-07-15T11:53:00Z,Python,,0.0,0.0,0,0,0.0,0.0,0,,2015-07-15T12:40:02Z,formato,thibaultmerle
787,2016-06-21T15:04:16Z,Python,NOASSERTION,5.0,1.0,1,4,8.0,2.0,4,True,2018-05-28T01:40:36Z,redmonster,timahutchinson
788,2013-08-09T17:06:55Z,Fortran,MIT,22.0,53.0,21,8,51.0,31.0,25,False,2019-03-30T14:39:55Z,pyglow,timduly4
789,2015-02-19T16:15:07Z,TeX,,0.0,0.0,0,0,0.0,0.0,0,,2015-06-06T04:44:27Z,aandc-gsdd,timj
790,2017-03-13T09:52:40Z,IDL,MIT,1.0,0.0,0,0,0.0,2.0,0,False,2018-12-04T15:49:43Z,makeplots,timothyadavis
791,2014-05-02T15:14:25Z,Jupyter Notebook,MIT,34.0,63.0,31,15,24.0,58.0,39,False,2019-05-02T20:32:41Z,isochrones,timothydmorton
792,2014-08-07T14:14:27Z,Python,MIT,0.0,0.0,0,0,0.0,0.0,0,False,2017-08-10T02:28:04Z,obliquity,timothydmorton
793,2015-01-20T19:57:52Z,Jupyter Notebook,MIT,15.0,20.0,15,7,8.0,25.0,18,False,2019-04-25T21:32:50Z,vespa,timothydmorton
794,2015-01-14T12:06:24Z,Jupyter Notebook,NOASSERTION,0.0,2.0,1,0,0.0,0.0,1,True,2016-06-06T11:37:57Z,amisurvey,timstaley
795,2015-04-04T18:56:07Z,TeX,,0.0,0.0,0,0,0.0,1.0,0,,2016-06-06T11:38:58Z,automated-radio-imaging-paper,timstaley
796,2015-01-14T11:53:57Z,Python,NOASSERTION,0.0,1.0,1,0,0.0,0.0,1,True,2016-06-06T11:56:06Z,chimenea,timstaley
797,2012-11-16T18:49:48Z,Python,NOASSERTION,1.0,2.0,1,2,2.0,1.0,2,True,2017-05-05T17:00:46Z,drive-ami,timstaley
798,2012-11-27T14:52:05Z,Python,NOASSERTION,3.0,6.0,5,1,1.0,4.0,5,True,2018-04-06T15:22:00Z,drive-casa,timstaley
799,2014-05-07T12:01:00Z,Python,GPL-2.0,0.0,0.0,0,0,0.0,2.0,0,False,2018-09-12T21:18:58Z,gps,tomevans
800,2013-11-12T21:33:32Z,C,GPL-2.0,1.0,1.0,1,0,0.0,1.0,1,False,2018-12-01T22:19:47Z,planetc,tomevans
801,2016-01-05T21:52:45Z,Python,MIT,7.0,26.0,5,0,0.0,23.0,5,False,2019-03-01T21:31:16Z,astroalign,toros-astro
802,2017-12-11T20:25:22Z,Python,,3.0,1.0,1,0,0.0,5.0,1,,2019-03-18T15:34:08Z,distribute,tp2vis
803,2012-05-21T12:01:49Z,Python,BSD-2-Clause,9.0,151.0,10,10,407.0,11.0,14,False,2018-07-18T13:26:25Z,tkp,transientskp
804,2012-05-15T02:46:49Z,C++,,2.0,1.0,1,2,2.0,9.0,3,,2019-01-29T19:13:51Z,tao,travisdesell
805,2017-09-14T18:46:32Z,Python,NOASSERTION,12.0,22.0,7,8,56.0,4.0,9,True,2019-04-18T14:50:39Z,trident,trident-project
806,2012-01-26T23:44:58Z,C,,1.0,0.0,0,0,0.0,1.0,0,,2015-09-17T19:54:28Z,atmospheric-athena,tripathi
807,2015-08-01T09:31:40Z,Fortran,MIT,3.0,0.0,0,3,7.0,2.0,3,False,2019-03-26T20:32:52Z,exocross,trovemaster
808,2017-12-06T22:09:15Z,C++,NOASSERTION,0.0,0.0,0,0,0.0,1.0,0,True,2019-04-29T17:19:12Z,toast,tskisner
809,2016-07-22T19:21:26Z,IDL,MIT,0.0,0.0,0,0,0.0,1.0,0,False,2016-07-22T19:30:28Z,tmbidl,tvwenger
810,2018-01-23T19:05:43Z,C++,Unlicense,37.0,2582.0,37,27,671.0,22.0,52,False,2019-05-01T01:10:15Z,isis3,usgs-astrogeology
811,2010-10-02T12:33:59Z,Go,MIT,165.0,103.0,80,42,48.0,1429.0,114,False,2019-04-05T02:27:52Z,pythonbrew,utahta
812,,,,,,0,0,,,0,,,metallicity,vacquaviva
813,2014-03-28T23:31:31Z,Python,MIT,12.0,11.0,9,6,11.0,4.0,11,False,2018-05-31T00:29:55Z,libstempo,vallis
814,,,,,,0,0,,,0,,,planetproﬁle,vancesteven
815,2014-10-06T20:27:17Z,TeX,,1.0,0.0,0,0,0.0,1.0,0,,2016-06-02T19:26:47Z,pmfs,veragluscevic
816,2013-08-06T13:12:39Z,Python,GPL-3.0,2.0,0.0,0,0,0.0,3.0,0,False,2016-10-07T23:39:31Z,piccard,vhaasteren
817,,,,,,0,0,,,0,,,ﬂatwrm,vidakris
818,2015-09-09T13:39:38Z,Python,,2.0,0.0,0,1,1.0,1.0,1,,2016-04-26T11:12:04Z,k2photometry,vincentvaneylen
819,2018-01-20T15:10:37Z,Python,GPL-3.0,0.0,0.0,0,0,0.0,0.0,0,False,2018-02-06T20:10:14Z,imagma,virangaperera
820,2016-12-23T21:38:03Z,Fortran,GPL-3.0,6.0,2.0,1,1,2.0,8.0,2,False,2017-11-06T18:57:16Z,atmos,virtualplanetarylaboratory
821,2015-05-14T14:54:08Z,C++,,0.0,0.0,0,0,0.0,0.0,0,,2018-01-27T19:10:13Z,ffasearch,vkond
822,2016-03-22T15:00:58Z,Jupyter Notebook,MIT,2.0,2.0,2,3,5.0,3.0,4,False,2018-03-22T18:23:41Z,multicube,vlas-sokolov
823,2015-05-24T22:25:13Z,Python,MIT,24.0,87.0,21,10,310.0,34.0,25,False,2019-05-02T08:53:44Z,vip,vortex-exoplanet
824,2016-11-01T13:45:06Z,Python,MIT,1.0,0.0,0,1,1.0,0.0,1,False,2018-10-30T19:32:09Z,tebbs,vsadykov
825,2016-06-01T13:25:17Z,Python,MIT,22.0,28.0,21,11,21.0,170.0,27,False,2019-01-11T15:22:52Z,perf,vstinner
826,2012-06-04T17:49:42Z,Python,,16.0,95.0,21,6,10.0,45.0,22,,2019-04-17T20:05:32Z,lemon,vterron
827,2012-06-08T07:37:19Z,Fortran,GPL-3.0,57.0,168.0,53,24,202.0,33.0,64,False,2018-07-19T23:10:47Z,davitpy,vtsuperdarn
828,,,,,,0,0,,,0,,,merging-cluster-,wadawson
829,2017-02-04T17:01:31Z,C++,GPL-3.0,0.0,1.0,1,0,0.0,0.0,1,False,2018-07-24T15:29:51Z,pmpar,walterfb
830,2013-04-17T01:30:51Z,Python,,1.0,0.0,0,0,0.0,0.0,0,,2014-03-14T20:05:47Z,cloudy_helper,wangye0206
831,2017-09-08T15:58:27Z,Jupyter Notebook,GPL-3.0,0.0,0.0,0,0,0.0,0.0,0,False,2018-03-06T01:17:40Z,bastitest,willclarkson
832,2018-01-30T20:09:08Z,Python,,1.0,0.0,0,0,0.0,1.0,0,,2018-01-30T20:16:59Z,lucid-grid,willfurnell
833,2014-02-19T22:36:00Z,IDL,,1.0,1.0,1,1,1.0,1.0,2,,2016-06-29T00:01:38Z,mpfitexy,williamsmj
834,,,,,,0,0,,,0,,,mpﬁtexy,williamsmj
835,2014-11-13T16:54:48Z,Jasmin,BSD-3-Clause,7.0,1.0,1,7,16.0,0.0,7,False,2019-05-01T18:18:31Z,wsynphot,wkerzendorf
836,2015-06-16T05:38:03Z,C++,,0.0,0.0,0,0,0.0,0.0,0,,2015-09-18T04:10:59Z,mcic,wll745881210
837,2012-01-16T01:21:23Z,Python,BSD-3-Clause,8.0,13.0,3,3,10.0,13.0,5,False,2019-03-07T18:04:52Z,pysis,wtolson
838,2014-10-13T18:57:25Z,IDL,NOASSERTION,1.0,0.0,0,1,5.0,2.0,1,True,2015-09-21T13:30:37Z,xdqso,xdqso
839,2018-07-23T00:23:25Z,Python,MIT,1.0,0.0,0,0,0.0,0.0,0,False,2019-01-23T09:36:12Z,cmzclouds,xinglunju
840,2014-04-28T19:43:27Z,Python,,0.0,0.0,0,0,0.0,2.0,0,,2015-04-27T19:29:43Z,pyamor,xinglunju
841,2015-04-27T19:32:26Z,Python,MIT,6.0,0.0,0,0,0.0,9.0,0,False,2019-04-29T13:27:58Z,tdviz,xinglunju
842,,,,,,0,0,,,0,,,mpi,xstarkit
843,,,,,,0,0,,,0,,,her,yaolun
844,2017-08-28T23:46:17Z,Jupyter Notebook,,15.0,5.0,3,2,2.0,22.0,4,,2018-03-18T06:10:21Z,ensai,yasharhezaveh
845,2016-08-26T13:41:07Z,Jupyter Notebook,,1.0,0.0,0,0,0.0,0.0,0,,2016-12-26T02:12:03Z,hmscs_cat,yuanjinghua
846,2016-12-27T03:56:35Z,Python,,1.0,0.0,0,0,0.0,0.0,0,,2018-08-31T01:09:52Z,top_down_miky_way,yuanjinghua
847,,,,,,0,0,,,0,,,zheng18,yzhenggit
848,2015-10-29T00:26:17Z,Python,,4.0,23.0,2,4,7.0,2.0,4,,2018-11-07T17:28:48Z,chemevol,zemogle
849,2014-04-22T16:16:02Z,Ruby,Apache-2.0,27.0,1103.0,63,21,2019.0,68.0,67,False,2019-04-29T10:37:38Z,panoptes,zooniverse
850,2014-05-06T14:53:43Z,JavaScript,Apache-2.0,55.0,2500.0,107,56,2834.0,50.0,119,False,2019-04-18T17:54:15Z,panoptes-front-end,zooniverse
851,2011-04-26T09:15:14Z,JavaScript,,3.0,134.0,17,11,33.0,14.0,24,,2018-01-25T17:12:58Z,talk,zooniverse
852,2017-06-09T23:09:16Z,Python,MIT,1.0,0.0,0,1,1.0,0.0,1,False,2019-04-29T09:41:49Z,causticfrog,zpenoyre
853,2017-02-14T20:14:18Z,Jupyter Notebook,,7.0,3.0,3,1,1.0,13.0,4,,2019-02-16T00:28:07Z,ztf-avro-alert,zwickytransientfacility
854,,,,,,0,0,,,0,,,young_catalog,˜ariedel
855,2018-01-22T00:49:59Z,Python,MIT,53.0,244.0,46,29,264.0,94.0,57,False,2019-05-03T21:39:37Z,lightkurve,KeplerGO
